id,city,district,road,building_num,floor,location
1,서울특별시,관악구,봉천로,401,null,설입
2,서울특별시,관악구,낙성대로,15,null,설입
3,서울특별시,관악구,인헌길,9,null,설입
4,서울특별시,관악구,봉천로7길,25,null,설입
5,서울특별시,서대문구,명물길,42,null,신촌
6,서울특별시,관악구,관악로,152,null,설입
7,서울특별시,관악구,봉천로,441,null,설입
8,서울특별시,관악구,남부순환로,1677-35,null,설입
9,서울특별시,동작구,상도로34길,25,null,숭입
10,서울특별시,관악구,양녕로,42,null,설입
11,서울특별시,관악구,양녕로,49,null,설입
12,서울특별시,관악구,보라매로,15-8,null,설입
13,서울특별시,관악구,은천로,124,null,설입
14,서울특별시,관악구,봉천로,331,null,설입
15,서울특별시,관악구,낙성대로,22-5,null,설입
16,서울특별시,관악구,봉천로,611-1,null,설입
17,서울특별시,관악구,남부순환로,1891,null,설입
18,서울특별시,관악구,봉천로47길,19,null,설입
19,서울특별시,관악구,남부순환로,1916,null,설입
20,서울특별시,서대문구,연세로7안길,8,null,신촌
21,서울특별시,동작구,양녕로25길,2,null,숭입
22,서울특별시,관악구,관악로14길,85,null,설입
23,서울특별시,동작구,성대로,18,null,숭입
24,서울특별시,서대문구,연세로7안길,34-3,null,신촌
25,서울특별시,서대문구,연세로4길,53,null,신촌
26,서울특별시,관악구,남부순환로230길,26,null,설입
27,서울특별시,관악구,남부순환로208길,10,null,설입
28,서울특별시,관악구,쑥고개로,129,null,설입
29,서울특별시,관악구,청룡길,47,null,설입
30,서울특별시,동작구,성대로,167,null,숭입
31,서울특별시,관악구,은천로,40-1,null,설입
32,서울특별시,동작구,국사봉길,70,null,숭입
33,서울특별시,관악구,당곡길,74,null,설입
34,서울특별시,관악구,관악로17길,3,null,설입
35,서울특별시,관악구,봉천로,355,null,설입
36,서울특별시,관악구,장군봉1길,43,null,설입
37,서울특별시,서대문구,연세로9길,16,null,신촌
38,서울특별시,관악구,남부순환로,1728,null,설입
39,서울특별시,동작구,국사봉1길,114,null,숭입
40,서울특별시,동작구,상도로,134,null,숭입
41,서울특별시,서대문구,연세로5다길,28,null,신촌
42,서울특별시,관악구,남부순환로,1850,null,설입
43,서울특별시,관악구,청림길,2,null,설입
44,서울특별시,관악구,관악로12길,3-6,null,설입
45,서울특별시,서대문구,연세로7안길,19,null,신촌
46,서울특별시,관악구,행운1길,132,null,설입
47,서울특별시,동작구,성대로29길,50,null,숭입
48,서울특별시,관악구,봉천로,491-1,null,설입
49,서울특별시,동작구,상도로60길,1,null,숭입
50,서울특별시,관악구,청룡2길,6,null,설입
51,서울특별시,동작구,상도로,153,null,숭입
52,서울특별시,관악구,관악로,210,null,설입
53,서울특별시,관악구,봉천로29길,9,null,설입
54,서울특별시,서대문구,연세로11길,26,null,신촌
55,서울특별시,관악구,관악로,134,null,설입
56,서울특별시,서대문구,명물길,50-4,null,신촌
57,서울특별시,관악구,당곡길,49,null,설입
58,서울특별시,관악구,관악로14길,14,null,설입
59,서울특별시,관악구,관악로14길,76,null,설입
60,서울특별시,관악구,남부순환로218길,1,1층,설입
61,서울특별시,관악구,봉천로,601,null,설입
62,서울특별시,관악구,양녕로,117,null,설입
63,서울특별시,관악구,남부순환로210길,5,null,설입
64,서울특별시,동작구,상도로,331,null,숭입
65,서울특별시,관악구,은천로1길,3,null,설입
66,서울특별시,서대문구,연세로7안길,10-4,1층,신촌
67,서울특별시,동작구,장승배기로10길,9,null,숭입
68,서울특별시,관악구,봉천로13길,9,null,설입
69,서울특별시,관악구,관악로24길,72,null,설입
70,서울특별시,관악구,양녕로,50,null,설입
71,서울특별시,서대문구,연세로4길,51,null,신촌
72,서울특별시,서대문구,연세로4길,6,null,신촌
73,서울특별시,동작구,국사봉길,60,null,숭입
74,서울특별시,동작구,상도로15길,110,null,숭입
75,서울특별시,동작구,상도로,140,null,숭입
76,서울특별시,관악구,낙성대로3길,33-14,null,설입
77,서울특별시,서대문구,명물길,33,null,신촌
78,서울특별시,관악구,양녕로,70,null,설입
79,서울특별시,관악구,관악로,211,1층,설입
80,서울특별시,서대문구,연세로5가길,25,null,신촌
81,서울특별시,동작구,만양로,11,null,숭입
82,서울특별시,동작구,만양로,20,null,숭입
83,서울특별시,관악구,관악로,1,null,설입
84,서울특별시,관악구,봉천로,568-1,null,설입
85,서울특별시,관악구,봉천로,353-1,null,설입
86,서울특별시,동작구,상도로19길,1,null,숭입
87,서울특별시,관악구,은천로,92,제1층,설입
88,서울특별시,관악구,관악로5길,30,null,설입
89,서울특별시,관악구,구암길,10,null,설입
90,서울특별시,서대문구,명물길,32,지하1층,신촌
91,서울특별시,관악구,국회단지2길,19,null,설입
92,서울특별시,관악구,관악로,125,null,설입
93,서울특별시,관악구,장군봉2길,6,null,설입
94,서울특별시,서대문구,연세로5나길,6,null,신촌
95,서울특별시,동작구,양녕로24길,8,null,숭입
96,서울특별시,관악구,은천로35라길,27,null,설입
97,서울특별시,서대문구,연세로12길,28,null,신촌
98,서울특별시,동작구,상도로37길,80,null,숭입
99,서울특별시,관악구,관악로24길,14,지하1층,설입
100,서울특별시,서대문구,연세로,25,null,신촌
101,서울특별시,관악구,인헌길,87,null,설입
102,서울특별시,관악구,은천로5길,11,null,설입
103,서울특별시,관악구,봉천로,303,null,설입
104,서울특별시,서대문구,연세로12길,23,null,신촌
105,서울특별시,동작구,사당로,20,null,숭입
106,서울특별시,동작구,등용로,38,null,숭입
107,서울특별시,관악구,인헌9길,13,null,설입
108,서울특별시,동작구,상도로,332,null,숭입
109,서울특별시,관악구,장군봉1길,7,null,설입
110,서울특별시,서대문구,연세로5나길,18,null,신촌
111,서울특별시,관악구,보라매로,20,null,설입
112,서울특별시,서대문구,연세로5나길,20,null,신촌
113,서울특별시,서대문구,연세로11길,19,null,신촌
114,서울특별시,관악구,인헌길,53,null,설입
115,서울특별시,관악구,남부순환로246나길,19,null,설입
116,서울특별시,동작구,상도로37길,54,null,숭입
117,서울특별시,관악구,은천로,28,1층,설입
118,서울특별시,동작구,국사봉길,71,null,숭입
119,서울특별시,서대문구,명물길,29-8,null,신촌
120,서울특별시,동작구,만양로,3,null,숭입
121,서울특별시,관악구,청룡1길,25,null,설입
122,서울특별시,서대문구,연세로9길,25,null,신촌
123,서울특별시,서대문구,신촌로1길,5,null,신촌
124,서울특별시,관악구,남부순환로,1679,null,설입
125,서울특별시,동작구,상도로,233,null,숭입
126,서울특별시,동작구,성대로,52,null,숭입
127,서울특별시,관악구,관악로24길,61,null,설입
128,서울특별시,관악구,쑥고개로,55,null,설입
129,서울특별시,관악구,남부순환로,1677-35,null,설입
130,서울특별시,관악구,보라매로3길,14,null,설입
131,서울특별시,관악구,중앙길,79,null,설입
132,서울특별시,동작구,성대로29길,61,null,숭입
133,서울특별시,관악구,관악로14길,16,null,설입
134,서울특별시,관악구,양녕로,70,null,설입
135,서울특별시,관악구,남부순환로231길,9,null,설입
136,서울특별시,관악구,봉천로,435,null,설입
137,서울특별시,동작구,상도로,158,null,숭입
138,서울특별시,관악구,은천로,114,null,설입
139,서울특별시,관악구,보라매로3길,10,null,설입
140,서울특별시,동작구,성대로1가길,27,null,숭입
141,서울특별시,관악구,남부순환로,1796,1층,설입
142,서울특별시,관악구,은천로,143,1층,설입
143,서울특별시,서대문구,연세로9길,29,null,신촌
144,서울특별시,서대문구,연세로5나길,10,null,신촌
145,서울특별시,관악구,관악로24길,14,지하1층,설입
146,서울특별시,관악구,남부순환로230길,28,null,설입
147,서울특별시,관악구,봉천로,535,null,설입
148,서울특별시,서대문구,연세로7안길,13,null,신촌
149,서울특별시,서대문구,연세로5가길,13,null,신촌
150,서울특별시,서대문구,신촌로,87-8,1층,신촌
151,서울특별시,동작구,상도로15길,42,null,숭입
152,서울특별시,동작구,상도로34길,12,null,숭입
153,서울특별시,관악구,은천로,92,1층,설입
154,서울특별시,동작구,흑석로,24-1,null,숭입
155,서울특별시,관악구,남부순환로247길,3,null,설입
156,서울특별시,동작구,사당로,56,null,숭입
157,서울특별시,동작구,장승배기로,75,null,숭입
158,서울특별시,관악구,남부순환로,1711,null,설입
159,서울특별시,서대문구,명물길,46,null,신촌
160,서울특별시,관악구,남부순환로,1976,null,설입
161,서울특별시,관악구,봉천로,295,null,설입
162,서울특별시,관악구,관악로,155,null,설입
163,서울특별시,관악구,중앙길,12,null,설입
164,서울특별시,관악구,쑥고개로,137,null,설입
165,서울특별시,관악구,보라매로,20,null,설입
166,서울특별시,동작구,매봉로2길,8-4,지층,숭입
167,서울특별시,관악구,남부순환로,1913,null,설입
168,서울특별시,서대문구,연희로,14,B1층,신촌
169,서울특별시,서대문구,연세로5다길,26,null,신촌
170,서울특별시,관악구,관악로14길,28,null,설입
171,서울특별시,서대문구,연세로5가길,18,null,신촌
172,서울특별시,관악구,관악로16길,28,null,설입
173,서울특별시,관악구,봉천로,391,1층,설입
174,서울특별시,서대문구,연세로5가길,19,null,신촌
175,서울특별시,동작구,상도로,181,null,숭입
176,서울특별시,관악구,남부순환로,1726,null,설입
177,서울특별시,관악구,봉천로,490,null,설입
178,서울특별시,관악구,관악로28길,12,null,설입
179,서울특별시,관악구,남부순환로,1921-1,null,설입
180,서울특별시,관악구,관악로14길,39,null,설입
181,서울특별시,서대문구,연세로5다길,14,null,신촌
182,서울특별시,관악구,청룡길,24,null,설입
183,서울특별시,동작구,사당로,18-1,null,숭입
184,서울특별시,관악구,관악로,152,null,설입
185,서울특별시,관악구,은천로,152,null,설입
186,서울특별시,관악구,봉천로23나길,59,1층,설입
187,서울특별시,관악구,관악로,195,null,설입
188,서울특별시,동작구,상도로26길,4,null,숭입
189,서울특별시,서대문구,연세로5가길,32,null,신촌
190,서울특별시,관악구,남부순환로,1751,null,설입
191,서울특별시,서대문구,연세로,24,null,신촌
192,서울특별시,관악구,봉천로62길,5,5층,설입
193,서울특별시,동작구,성대로1길,8,null,숭입
194,서울특별시,서대문구,연세로7안길,10-5,null,신촌
195,서울특별시,서대문구,연세로9길,17,null,신촌
196,서울특별시,관악구,인헌길,55,null,설입
197,서울특별시,관악구,은천로,25,null,설입
198,서울특별시,관악구,관악로,274-1,null,설입
199,서울특별시,관악구,봉천로,213-18,null,설입
200,서울특별시,관악구,봉천로,411-1,1층,설입
201,서울특별시,관악구,봉천로43길,1,null,설입
202,서울특별시,서대문구,명물길,21,null,신촌
203,서울특별시,관악구,쑥고개로,55,null,설입
204,서울특별시,서대문구,연세로7안길,46,null,신촌
205,서울특별시,관악구,보라매로,8,null,설입
206,서울특별시,서대문구,연세로,42-22,null,신촌
207,서울특별시,관악구,인헌길,15,null,설입
208,서울특별시,관악구,남부순환로248길,15,null,설입
209,서울특별시,서대문구,연세로5다길,22-7,null,신촌
210,서울특별시,관악구,양녕로,29,1층,설입
211,서울특별시,관악구,남부순환로226길,19,null,설입
212,서울특별시,동작구,국사봉1길,4,null,숭입
213,서울특별시,관악구,관악로,204,null,설입
214,서울특별시,관악구,관악로,144,null,설입
215,서울특별시,관악구,관악로14길,70,3층,설입
216,서울특별시,관악구,인헌6길,15,1층,설입
217,서울특별시,관악구,관악로14길,8,null,설입
218,서울특별시,서대문구,연세로5가길,16,null,신촌
219,서울특별시,서대문구,연세로5가길,8-6,null,신촌
220,서울특별시,관악구,봉천로,580,null,설입
221,서울특별시,서대문구,연세로9길,28,null,신촌
222,서울특별시,관악구,관악로,138,null,설입
223,서울특별시,관악구,봉천로,495-3,null,설입
224,서울특별시,관악구,청룡4길,64,null,설입
225,서울특별시,관악구,관악로14길,85,null,설입
226,서울특별시,서대문구,명물길,62,1층,신촌
227,서울특별시,관악구,봉천로,614-1,null,설입
228,서울특별시,동작구,상도로,115,null,숭입
229,서울특별시,동작구,국사봉길,13,null,숭입
230,서울특별시,서대문구,연세로5가길,22,null,신촌
231,서울특별시,관악구,청림6길,16,null,설입
232,서울특별시,서대문구,연세로12길,28,null,신촌
233,서울특별시,관악구,남부순환로,1844,1층,설입
234,서울특별시,관악구,남부순환로226길,36,null,설입
235,서울특별시,관악구,장군봉1길,35,null,설입
236,서울특별시,관악구,보라매로,8,null,설입
237,서울특별시,동작구,흑석로,23,null,숭입
238,서울특별시,서대문구,연세로7안길,14,null,신촌
239,서울특별시,관악구,장군봉2길,44,null,설입
240,서울특별시,동작구,상도로15길,143,null,숭입
241,서울특별시,관악구,관악로30길,11,null,설입
242,서울특별시,관악구,남부순환로191가길,9,null,설입
243,서울특별시,동작구,상도로61길,34,null,숭입
244,서울특별시,서대문구,연세로4길,7,null,신촌
245,서울특별시,관악구,남부순환로,1754,null,설입
246,서울특별시,관악구,관악로13길,25,null,설입
247,서울특별시,관악구,쑥고개로,67,null,설입
248,서울특별시,관악구,봉천로,535,null,설입
249,서울특별시,서대문구,연세로5가길,25,null,신촌
250,서울특별시,관악구,봉천로,217,null,설입
251,서울특별시,서대문구,명물길,36-4,null,신촌
252,서울특별시,동작구,상도로,126,null,숭입
253,서울특별시,관악구,은천로6길,14,null,설입
254,서울특별시,관악구,양녕로,46,1층,설입
255,서울특별시,관악구,은천로,114,null,설입
256,서울특별시,서대문구,신촌로,87-20,null,신촌
257,서울특별시,관악구,관악로30길,15,null,설입
258,서울특별시,관악구,남부순환로226길,31,null,설입
259,서울특별시,관악구,봉천로,449,null,설입
260,서울특별시,관악구,쑥고개로11길,35,null,설입
261,서울특별시,관악구,은천로39길,13,null,설입
262,서울특별시,서대문구,연세로9길,7,null,신촌
263,서울특별시,서대문구,연세로7안길,52,null,신촌
264,서울특별시,관악구,쑥고개로,83,null,설입
265,서울특별시,관악구,장군봉2길,17,null,설입
266,서울특별시,서대문구,명물길,18,null,신촌
267,서울특별시,관악구,행운1길,40,1층,설입
268,서울특별시,동작구,사당로,38,null,숭입
269,서울특별시,동작구,상도로,341-2,null,숭입
270,서울특별시,관악구,관악로,287,지하1층,설입
271,서울특별시,서대문구,연세로7안길,4,null,신촌
272,서울특별시,동작구,상도로34길,3,null,숭입
273,서울특별시,동작구,양녕로26길,63,null,숭입
274,서울특별시,관악구,양녕로,16,null,설입
275,서울특별시,관악구,봉천로,465,null,설입
276,서울특별시,동작구,상도로53길,65,null,숭입
277,서울특별시,관악구,관악로,104,null,설입
278,서울특별시,관악구,봉천로,366,1층,설입
279,서울특별시,관악구,관악로12길,77,null,설입
280,서울특별시,관악구,남부순환로,1868,null,설입
281,서울특별시,관악구,관악로14길,106,null,설입
282,서울특별시,관악구,관악로14길,30,null,설입
283,서울특별시,동작구,만양로,12,null,숭입
284,서울특별시,관악구,남부순환로,1943,null,설입
285,서울특별시,관악구,쑥고개로,104,null,설입
286,서울특별시,관악구,관악로14길,63,null,설입
287,서울특별시,관악구,인헌길,40,null,설입
288,서울특별시,관악구,관악로14길,106,null,설입
289,서울특별시,서대문구,연세로7길,15,null,신촌
290,서울특별시,관악구,관악로28길,20,null,설입
291,서울특별시,관악구,장군봉2길,18,null,설입
292,서울특별시,관악구,행운1길,13,null,설입
293,서울특별시,관악구,봉천로,471,null,설입
294,서울특별시,서대문구,연세로5가길,25,null,신촌
295,서울특별시,동작구,상도로62길,21,null,숭입
296,서울특별시,서대문구,연세로9길,10-1,null,신촌
297,서울특별시,관악구,당곡길,28,null,설입
298,서울특별시,동작구,상도로47길,18,null,숭입
299,서울특별시,관악구,청룡2길,1,null,설입
300,서울특별시,서대문구,연희로,34,null,신촌
301,서울특별시,동작구,상도로,210,null,숭입
302,서울특별시,서대문구,연세로5가길,27,null,신촌
303,서울특별시,관악구,인헌길,14,null,설입
304,서울특별시,동작구,상도로19길,1,null,숭입
305,서울특별시,관악구,관악로,110-1,1층,설입
306,서울특별시,동작구,국사봉1길,18,null,숭입
307,서울특별시,관악구,봉천로,575-1,null,설입
308,서울특별시,서대문구,명물길,50-7,null,신촌
309,서울특별시,서대문구,명물1길,18,null,신촌
310,서울특별시,서대문구,명물1길,22,null,신촌
311,서울특별시,서대문구,명물길,49,null,신촌
312,서울특별시,동작구,성대로,30,null,숭입
313,서울특별시,동작구,상도로,172,null,숭입
314,서울특별시,서대문구,연세로7길,16-5,null,신촌
315,서울특별시,서대문구,연세로11길,15,null,신촌
316,서울특별시,관악구,남부순환로,1949,null,설입
317,서울특별시,관악구,봉천로,552,null,설입
318,서울특별시,관악구,봉천로,507-8,null,설입
319,서울특별시,서대문구,연세로7안길,10-4,null,신촌
320,서울특별시,동작구,상도로61가길,2,null,숭입
321,서울특별시,관악구,당곡길,5,null,설입
322,서울특별시,관악구,관악로12길,113,1층,설입
323,서울특별시,관악구,봉천로,307,null,설입
324,서울특별시,관악구,관악로,157,null,설입
325,서울특별시,관악구,은천로23길,42,null,설입
326,서울특별시,관악구,관악로14길,22,null,설입
327,서울특별시,관악구,남부순환로200길,9,null,설입
328,서울특별시,서대문구,연세로5다길,22,null,신촌
329,서울특별시,관악구,청룡1길,18,null,설입
330,서울특별시,관악구,관악로14가길,13,null,설입
331,서울특별시,관악구,관악로12길,11,null,설입
332,서울특별시,관악구,보라매로,17,null,설입
333,서울특별시,관악구,양녕로,28,null,설입
334,서울특별시,관악구,봉천로,375,null,설입
335,서울특별시,서대문구,명물1길,2,null,신촌
336,서울특별시,서대문구,연세로11길,14,null,신촌
337,서울특별시,동작구,양녕로25길,2,null,숭입
338,서울특별시,관악구,봉천로13길,7,null,설입
339,서울특별시,관악구,남부순환로231길,11,null,설입
340,서울특별시,서대문구,연세로4길,50,null,신촌
341,서울특별시,관악구,관악로,152,null,설입
342,서울특별시,관악구,봉천로,449-1,null,설입
343,서울특별시,관악구,봉천로49길,5,null,설입
344,서울특별시,동작구,상도로67길,31,null,숭입
345,서울특별시,관악구,쑥고개로,85,null,설입
346,서울특별시,서대문구,연세로5가길,21,null,신촌
347,서울특별시,관악구,남부순환로248길,36,null,설입
348,서울특별시,서대문구,연세로11길,13,null,신촌
349,서울특별시,관악구,봉천로,213-6,null,설입
350,서울특별시,서대문구,연세로7안길,45,null,신촌
351,서울특별시,관악구,양녕로,46,1층,설입
352,서울특별시,관악구,남부순환로,1735,null,설입
353,서울특별시,서대문구,연세로9길,10-3,null,신촌
354,서울특별시,동작구,양녕로36길,17,null,숭입
355,서울특별시,관악구,관악로14길,22,null,설입
356,서울특별시,관악구,낙성대로,22-1,null,설입
357,서울특별시,관악구,낙성대역길,85,null,설입
358,서울특별시,관악구,인헌길,63,null,설입
359,서울특별시,서대문구,연세로,14,null,신촌
360,서울특별시,관악구,중앙1가길,3,null,설입
361,서울특별시,동작구,사당로,32-1,null,숭입
362,서울특별시,동작구,상도로,341,null,숭입
363,서울특별시,동작구,성대로5길,44,null,숭입
364,서울특별시,관악구,보라매로3길,6,null,설입
365,서울특별시,관악구,중앙1나길,2,null,설입
366,서울특별시,관악구,낙성대역길,27,null,설입
367,서울특별시,관악구,장군봉1길,56,지하1층,설입
368,서울특별시,관악구,쑥고개로,50,null,설입
369,서울특별시,서대문구,연세로9길,22,null,신촌
370,서울특별시,관악구,관악로15길,9,null,설입
371,서울특별시,동작구,상도로30길,63-5,null,숭입
372,서울특별시,관악구,은천로,99,null,설입
373,서울특별시,관악구,남부순환로,1904,null,설입
374,서울특별시,서대문구,연세로11길,8,null,신촌
375,서울특별시,동작구,상도로37길,79,null,숭입
376,서울특별시,관악구,쑥고개로,90,null,설입
377,서울특별시,서대문구,연세로7안길,22,null,신촌
378,서울특별시,관악구,행운1길,132,1층,설입
379,서울특별시,서대문구,연세로4길,34,null,신촌
380,서울특별시,관악구,관악로,154,null,설입
381,서울특별시,관악구,당곡길,14,null,설입
382,서울특별시,동작구,국사봉1길,4,null,숭입
383,서울특별시,동작구,장승배기로,38-1,null,숭입
384,서울특별시,관악구,양녕로,63,null,설입
385,서울특별시,관악구,봉천로,337,null,설입
386,서울특별시,관악구,은천로2길,18,null,설입
387,서울특별시,동작구,양녕로20길,111,null,숭입
388,서울특별시,서대문구,연세로12길,30,null,신촌
389,서울특별시,관악구,청룡2길,42-3,null,설입
390,서울특별시,관악구,관악로14길,10,null,설입
391,서울특별시,관악구,관악로,211,1층,설입
392,서울특별시,서대문구,연세로9길,31,null,신촌
393,서울특별시,서대문구,연세로7안길,26,null,신촌
394,서울특별시,관악구,봉천로,520-1,null,설입
395,서울특별시,관악구,남부순환로,1835-26,null,설입
396,서울특별시,서대문구,연세로4길,21,null,신촌
397,서울특별시,서대문구,연세로7안길,29,null,신촌
398,서울특별시,관악구,남부순환로208길,10,null,설입
399,서울특별시,관악구,장군봉1길,45,null,설입
400,서울특별시,관악구,봉천로,287-1,null,설입
401,서울특별시,관악구,남부순환로248길,17,null,설입
402,서울특별시,동작구,사당로,28,null,숭입
403,서울특별시,관악구,남부순환로,1899,null,설입
404,서울특별시,관악구,봉천로,219-9,null,설입
405,서울특별시,관악구,봉천로,331-1,null,설입
406,서울특별시,동작구,상도로67길,32,null,숭입
407,서울특별시,서대문구,연세로4길,48,null,신촌
408,서울특별시,관악구,관악로24길,48,null,설입
409,서울특별시,서대문구,연세로9길,14,null,신촌
410,서울특별시,서대문구,연세로5가길,29,null,신촌
411,서울특별시,서대문구,연세로11길,34,null,신촌
412,서울특별시,동작구,사당로,16,null,숭입
413,서울특별시,동작구,상도로67길,31,null,숭입
414,서울특별시,관악구,남부순환로,1852,null,설입
415,서울특별시,관악구,봉천로,473,null,설입
416,서울특별시,동작구,상도로60길,7-1,null,숭입
417,서울특별시,서대문구,신촌역로,39,null,신촌
418,서울특별시,서대문구,연세로4길,62,null,신촌
419,서울특별시,관악구,관악로14길,84,null,설입
420,서울특별시,관악구,관악로,306,1층,설입
421,서울특별시,동작구,성대로1길,13-1,null,숭입
422,서울특별시,관악구,청룡1길,33,null,설입
423,서울특별시,관악구,인헌4길,15,null,설입
424,서울특별시,관악구,남부순환로230길,15,null,설입
425,서울특별시,관악구,남부순환로,1713,null,설입
426,서울특별시,서대문구,연세로7길,34-4,null,신촌
427,서울특별시,관악구,청룡1길,16,null,설입
428,서울특별시,관악구,당곡길,16,null,설입
429,서울특별시,관악구,은천로5길,3,null,설입
430,서울특별시,관악구,남부순환로,1868,null,설입
431,서울특별시,관악구,인헌길,31,null,설입
432,서울특별시,관악구,봉천로,611,null,설입
433,서울특별시,관악구,청림2길,31-8,null,설입
434,서울특별시,동작구,상도로22길,19,null,숭입
435,서울특별시,관악구,은천로,1,null,설입
436,서울특별시,관악구,양녕로,20-1,null,설입
437,서울특별시,서대문구,연세로,36,1층,신촌
438,서울특별시,서대문구,명물길,63,null,신촌
439,서울특별시,관악구,인헌길,7,null,설입
440,서울특별시,관악구,남부순환로,1690,null,설입
441,서울특별시,관악구,양녕로,46,1층,설입
442,서울특별시,관악구,장군봉1길,49,null,설입
443,서울특별시,서대문구,연세로7길,13,null,신촌
444,서울특별시,동작구,양녕로,190,null,숭입
445,서울특별시,관악구,청림길,3-1,null,설입
446,서울특별시,관악구,관악로,148,null,설입
447,서울특별시,서대문구,연세로7안길,10,null,신촌
448,서울특별시,관악구,장군봉1길,32,null,설입
449,서울특별시,관악구,쑥고개로,65,null,설입
450,서울특별시,관악구,봉천로,568-1,null,설입
451,서울특별시,관악구,낙성대로,15,null,설입
452,서울특별시,서대문구,연세로5가길,15,null,신촌
453,서울특별시,관악구,관악로,139,null,설입
454,서울특별시,관악구,봉천로,372,null,설입
455,서울특별시,관악구,중앙1나길,2,null,설입
456,서울특별시,관악구,은천로,119,null,설입
457,서울특별시,서대문구,명물1길,2,null,신촌
458,서울특별시,관악구,봉천로23길,12,null,설입
459,서울특별시,관악구,장군봉1길,21,null,설입
460,서울특별시,서대문구,연세로7길,30,null,신촌
461,서울특별시,관악구,낙성대로,22-11,null,설입
462,서울특별시,관악구,청룡2길,19,null,설입
463,서울특별시,관악구,봉천로33길,6,null,설입
464,서울특별시,관악구,쑥고개로,50,null,설입
465,서울특별시,동작구,장승배기로,8-1,null,숭입
466,서울특별시,동작구,장승배기로,53,null,숭입
467,서울특별시,관악구,남부순환로,1844,null,설입
468,서울특별시,관악구,봉천로,469,null,설입
469,서울특별시,관악구,관악로15길,21,null,설입
470,서울특별시,동작구,상도로,177,null,숭입
471,서울특별시,관악구,은천로,50,null,설입
472,서울특별시,서대문구,연세로11길,8,null,신촌
473,서울특별시,서대문구,명물길,27-21,null,신촌
474,서울특별시,관악구,관악로24길,14,지하1층,설입
475,서울특별시,동작구,상도로67길,19,null,숭입
476,서울특별시,관악구,봉천로,364-1,1층,설입
477,서울특별시,관악구,관악로14길,84,null,설입
478,서울특별시,관악구,쑥고개로,85,null,설입
479,서울특별시,서대문구,연세로5길,32,null,신촌
480,서울특별시,동작구,상도로37길,74,null,숭입
481,서울특별시,관악구,보라매로3길,16,null,설입
482,서울특별시,관악구,남부순환로,1726,null,설입
483,서울특별시,서대문구,연세로11길,24,null,신촌
484,서울특별시,동작구,성대로,35,null,숭입
485,서울특별시,관악구,남부순환로,1855,null,설입
486,서울특별시,서대문구,연세로7안길,25,null,신촌
487,서울특별시,관악구,청림6길,19-2,null,설입
488,서울특별시,서대문구,연세로7안길,1,null,신촌
489,서울특별시,관악구,봉천로7길,41,null,설입
490,서울특별시,동작구,등용로,17,null,숭입
491,서울특별시,관악구,청림길,12,null,설입
492,서울특별시,동작구,성대로29길,67,null,숭입
493,서울특별시,동작구,국사봉1길,33,null,숭입
494,서울특별시,서대문구,연세로7길,18,null,신촌
495,서울특별시,동작구,사당로,6-1,null,숭입
496,서울특별시,동작구,상도로,349-1,2층,숭입
497,서울특별시,관악구,장군봉1길,17,null,설입
498,서울특별시,서대문구,연세로4길,39,null,신촌
499,서울특별시,관악구,중앙1가길,10,null,설입
500,서울특별시,동작구,국사봉1길,37,null,숭입
501,서울특별시,관악구,남부순환로246길,17,null,설입
502,서울특별시,서대문구,연세로12길,32,null,신촌
503,서울특별시,동작구,상도로30길,39,null,숭입
504,서울특별시,동작구,사당로,34,2층,숭입
505,서울특별시,관악구,남부순환로,1741,null,설입
506,서울특별시,관악구,봉천로,365,null,설입
507,서울특별시,관악구,낙성대로,18,null,설입
508,서울특별시,관악구,남부순환로,1869-6,null,설입
509,서울특별시,관악구,남부순환로,1936,1층,설입
510,서울특별시,서대문구,명물길,14,null,신촌
511,서울특별시,관악구,솔밭로,7,null,설입
512,서울특별시,동작구,상도로15길,38,null,숭입
513,서울특별시,서대문구,연세로5다길,9,null,신촌
514,서울특별시,서대문구,연세로5나길,37,null,신촌
515,서울특별시,관악구,관악로,236,null,설입
516,서울특별시,관악구,은천로,32,null,설입
517,서울특별시,관악구,봉천로23길,25,null,설입
518,서울특별시,동작구,상도로,102,null,숭입
519,서울특별시,동작구,상도로,357,null,숭입
520,서울특별시,관악구,남부순환로230길,42,null,설입
521,서울특별시,서대문구,연세로,8-1,지하3층,신촌
522,서울특별시,서대문구,연세로4길,19,null,신촌
523,서울특별시,관악구,봉천로,563-1,null,설입
524,서울특별시,동작구,상도로37길,66,null,숭입
525,서울특별시,관악구,봉천로,375,null,설입
526,서울특별시,동작구,성대로11가길,20,null,숭입
527,서울특별시,관악구,봉천로,359,null,설입
528,서울특별시,관악구,남부순환로248길,3,null,설입
529,서울특별시,관악구,봉천로,596,null,설입
530,서울특별시,동작구,상도로61길,8-2,null,숭입
531,서울특별시,서대문구,연세로7길,34-5,null,신촌
532,서울특별시,서대문구,연세로9길,7,null,신촌
533,서울특별시,관악구,낙성대역길,69,null,설입
534,서울특별시,서대문구,연세로9길,37,null,신촌
535,서울특별시,서대문구,연세로,23,null,신촌
536,서울특별시,서대문구,연세로7안길,30,null,신촌
537,서울특별시,동작구,국사봉1길,18,null,숭입
538,서울특별시,관악구,봉천로,411,null,설입
539,서울특별시,서대문구,신촌로,53,null,신촌
540,서울특별시,관악구,남부순환로,1811,null,설입
541,서울특별시,서대문구,연세로2가길,22,null,신촌
542,서울특별시,동작구,장승배기로10길,7,null,숭입
543,서울특별시,관악구,남부순환로,1945,null,설입
544,서울특별시,서대문구,연세로5길,38,null,신촌
545,서울특별시,관악구,남부순환로234길,34,null,설입
546,서울특별시,관악구,봉천로,593,null,설입
547,서울특별시,서대문구,연세로7안길,18,null,신촌
548,서울특별시,관악구,장군봉1길,46,null,설입
549,서울특별시,관악구,관악로28길,11,null,설입
550,서울특별시,동작구,양녕로,180,null,숭입
551,서울특별시,관악구,국회단지길,30,null,설입
552,서울특별시,관악구,관악로,146,null,설입
553,서울특별시,동작구,상도로,304,null,숭입
554,서울특별시,관악구,남부순환로,1665,null,설입
555,서울특별시,서대문구,연세로12길,20,null,신촌
556,서울특별시,관악구,관악로24길,43-1,null,설입
557,서울특별시,관악구,은천로,48,null,설입
558,서울특별시,서대문구,연세로9길,26,null,신촌
559,서울특별시,관악구,중앙1길,10,null,설입
560,서울특별시,관악구,봉천로,615,null,설입
561,서울특별시,관악구,남부순환로,1881,1층,설입
562,서울특별시,관악구,양녕로,27-1,null,설입
563,서울특별시,관악구,관악로16길,13,null,설입
564,서울특별시,서대문구,연세로4길,6,null,신촌
565,서울특별시,관악구,남부순환로248길,78,null,설입
566,서울특별시,동작구,장승배기로,25,null,숭입
567,서울특별시,동작구,양녕로26길,20,null,숭입
568,서울특별시,동작구,상도로61길,23,null,숭입
569,서울특별시,서대문구,연세로5가길,8-3,null,신촌
570,서울특별시,동작구,상도로67길,31,null,숭입
571,서울특별시,관악구,은천로25길,4,null,설입
572,서울특별시,동작구,성대로,24,null,숭입
573,서울특별시,관악구,남부순환로246나길,24,null,설입
574,서울특별시,서대문구,연희로,32,null,신촌
575,서울특별시,동작구,상도로67길,27,null,숭입
576,서울특별시,동작구,상도로,152,null,숭입
577,서울특별시,관악구,남부순환로248길,7,null,설입
578,서울특별시,관악구,은천로2길,28,null,설입
579,서울특별시,동작구,등용로,2,null,숭입
580,서울특별시,관악구,관악로,146,null,설입
581,서울특별시,동작구,상도로15길,68,null,숭입
582,서울특별시,관악구,국회단지길,26,null,설입
583,서울특별시,관악구,청룡길,30,null,설입
584,서울특별시,서대문구,연세로7길,24,null,신촌
585,서울특별시,관악구,관악로12길,109,null,설입
586,서울특별시,관악구,남부순환로246길,18,null,설입
587,서울특별시,관악구,봉천로,237-8,null,설입
588,서울특별시,동작구,국사봉1길,108,null,숭입
589,서울특별시,서대문구,연세로5가길,13,null,신촌
590,서울특별시,서대문구,신촌로3길,29,null,신촌
591,서울특별시,관악구,남부순환로230길,32,null,설입
592,서울특별시,서대문구,연세로12길,32,null,신촌
593,서울특별시,관악구,청림길,16-3,null,설입
594,서울특별시,동작구,국사봉길,13,null,숭입
595,서울특별시,서대문구,연세로4길,25,지상1층)),신촌
596,서울특별시,관악구,봉천로7길,41,null,설입
597,서울특별시,동작구,성대로,56,null,숭입
598,서울특별시,관악구,관악로14길,103,null,설입
599,서울특별시,서대문구,신촌로11길,62,null,신촌
600,서울특별시,동작구,상도로30길,22,null,숭입
601,서울특별시,서대문구,연세로5가길,30,null,신촌
602,서울특별시,관악구,인헌길,29,null,설입
603,서울특별시,관악구,남부순환로,1919,null,설입
604,서울특별시,관악구,남부순환로,1701,null,설입
605,서울특별시,관악구,은천로,50,null,설입
606,서울특별시,서대문구,연세로4길,6,null,신촌
607,서울특별시,관악구,중앙길,18,null,설입
608,서울특별시,관악구,양녕로6길,43,null,설입
609,서울특별시,관악구,남부순환로,1899,null,설입
610,서울특별시,관악구,은천로,27,null,설입
611,서울특별시,동작구,상도로62길,44,null,숭입
612,서울특별시,관악구,남부순환로228길,20,null,설입
613,서울특별시,동작구,상도로,230,null,숭입
614,서울특별시,관악구,남부순환로233길,10,null,설입
615,서울특별시,관악구,관악로11길,20,null,설입
616,서울특별시,관악구,봉천로,595,null,설입
617,서울특별시,관악구,은천로,28,null,설입
618,서울특별시,관악구,관악로14길,70,null,설입
619,서울특별시,관악구,봉천로,261-1,null,설입
620,서울특별시,관악구,관악로,246,null,설입
621,서울특별시,관악구,봉천로,596,null,설입
622,서울특별시,관악구,봉천로,594-1,null,설입
623,서울특별시,관악구,남부순환로,1749,null,설입
624,서울특별시,관악구,은천로,45-1,null,설입
625,서울특별시,서대문구,연세로5가길,18,null,신촌
626,서울특별시,관악구,남부순환로,1904,null,설입
627,서울특별시,관악구,은천로,80,null,설입
628,서울특별시,관악구,인헌길,9,null,설입
629,서울특별시,서대문구,연세로4길,46,null,신촌
630,서울특별시,관악구,쑥고개로,48,null,설입
631,서울특별시,관악구,남부순환로,1739-3,null,설입
632,서울특별시,동작구,상도로53길,13,제2층,숭입
633,서울특별시,관악구,보라매로2길,10,null,설입
634,서울특별시,관악구,청룡4길,36,null,설입
635,서울특별시,관악구,남부순환로,1727-10,null,설입
636,서울특별시,관악구,보라매로,16,null,설입
637,서울특별시,관악구,관악로14길,74-7,null,설입
638,서울특별시,관악구,청림6길,3,지하1층,설입
639,서울특별시,서대문구,연세로5나길,6,null,신촌
640,서울특별시,관악구,관악로,144,1층,설입
641,서울특별시,관악구,봉천로,385,null,설입
642,서울특별시,서대문구,연세로9길,20,null,신촌
643,서울특별시,서대문구,연세로,37,null,신촌
644,서울특별시,관악구,남부순환로,1924,null,설입
645,서울특별시,서대문구,연세로11길,32,null,신촌
646,서울특별시,관악구,청룡길,9,null,설입
647,서울특별시,관악구,남부순환로,1891,null,설입
648,서울특별시,동작구,상도로67길,32,null,숭입
649,서울특별시,서대문구,연세로7안길,10-3,null,신촌
650,서울특별시,관악구,남부순환로244길,18,null,설입
651,서울특별시,관악구,봉천로,524,null,설입
652,서울특별시,서대문구,신촌로,117,null,신촌
653,서울특별시,관악구,국회단지길,144,null,설입
654,서울특별시,관악구,남부순환로,1820,8층,설입
655,서울특별시,동작구,상도로,168,null,숭입
656,서울특별시,관악구,봉천로,399,null,설입
657,서울특별시,관악구,남부순환로230길,22,null,설입
658,서울특별시,관악구,관악로,174,null,설입
659,서울특별시,관악구,봉천로,407-1,null,설입
660,서울특별시,관악구,청룡1길,7,null,설입
661,서울특별시,관악구,봉천로,534,null,설입
662,서울특별시,관악구,봉천로62길,6,null,설입
663,서울특별시,관악구,청림3길,15,null,설입
664,서울특별시,동작구,국사봉1길,52,null,숭입
665,서울특별시,관악구,솔밭로,6,null,설입
666,서울특별시,관악구,관악로,106,null,설입
667,서울특별시,관악구,남부순환로226길,19,null,설입
668,서울특별시,관악구,관악로14길,88,1층,설입
669,서울특별시,서대문구,명물길,70,null,신촌
670,서울특별시,관악구,중앙길,23,null,설입
671,서울특별시,관악구,관악로24길,68,null,설입
672,서울특별시,관악구,쑥고개로11길,41,null,설입
673,서울특별시,관악구,인헌2길,20,null,설입
674,서울특별시,관악구,봉천로7길,3,1층,설입
675,서울특별시,관악구,국회단지2길,19,null,설입
676,서울특별시,서대문구,연세로9길,10-7,null,신촌
677,서울특별시,서대문구,연세로7길,15,null,신촌
678,서울특별시,관악구,봉천로23길,27,null,설입
679,서울특별시,동작구,상도로31길,83,null,숭입
680,서울특별시,관악구,쑥고개로,99,null,설입
681,서울특별시,동작구,양녕로29길,4,null,숭입
682,서울특별시,서대문구,연세로4길,12,null,신촌
683,서울특별시,서대문구,연세로9길,14,null,신촌
684,서울특별시,관악구,관악로,132,null,설입
685,서울특별시,동작구,장승배기로10가길,28,null,숭입
686,서울특별시,관악구,인헌길,56,1층,설입
687,서울특별시,관악구,남부순환로244가길,2,null,설입
688,서울특별시,관악구,인헌길,60,null,설입
689,서울특별시,관악구,관악로14길,110,null,설입
690,서울특별시,서대문구,연세로7안길,10-1,null,신촌
691,서울특별시,동작구,상도로,141,null,숭입
692,서울특별시,동작구,성대로1길,21,null,숭입
693,서울특별시,관악구,관악로14나길,10,null,설입
694,서울특별시,동작구,성대로29길,1,null,숭입
695,서울특별시,관악구,보라매로,8,null,설입
696,서울특별시,서대문구,연세로5다길,36,null,신촌
697,서울특별시,동작구,성대로,40,null,숭입
698,서울특별시,관악구,장군봉1길,23,null,설입
699,서울특별시,관악구,남부순환로,1766,null,설입
700,서울특별시,관악구,관악로14길,35,null,설입
701,서울특별시,관악구,봉천로,609,null,설입
702,서울특별시,관악구,관악로14길,60,null,설입
703,서울특별시,관악구,은천로23길,10,null,설입
704,서울특별시,관악구,구암길,98,제1층,설입
705,서울특별시,관악구,인헌길,7,null,설입
706,서울특별시,관악구,남부순환로233길,7,null,설입
707,서울특별시,동작구,상도로47길,4,null,숭입
708,서울특별시,동작구,상도로,376,null,숭입
709,서울특별시,관악구,은천로,41,null,설입
710,서울특별시,동작구,상도로15길,143,null,숭입
711,서울특별시,관악구,쑥고개로,54,null,설입
712,서울특별시,관악구,남부순환로,1904,null,설입
713,서울특별시,관악구,남부순환로,1762-2,null,설입
714,서울특별시,서대문구,연세로,42-24,null,신촌
715,서울특별시,관악구,인헌3나길,2,null,설입
716,서울특별시,동작구,국사봉1길,41,null,숭입
717,서울특별시,서대문구,연세로4길,67,null,신촌
718,서울특별시,관악구,남부순환로,1916,null,설입
719,서울특별시,서대문구,연세로5가길,3,null,신촌
720,서울특별시,관악구,당곡길,14,null,설입
721,서울특별시,서대문구,신촌로,87-8,null,신촌
722,서울특별시,관악구,보라매로2길,3,null,설입
723,서울특별시,관악구,봉천로,209,지하1층,설입
724,서울특별시,동작구,상도로37길,76,1층,숭입
725,서울특별시,서대문구,연세로7안길,43,null,신촌
726,서울특별시,동작구,양녕로26길,6,null,숭입
727,서울특별시,관악구,남부순환로210길,9,null,설입
728,서울특별시,동작구,상도로67길,21,null,숭입
729,서울특별시,관악구,봉천로27길,41,null,설입
730,서울특별시,관악구,청림6길,19,null,설입
731,서울특별시,서대문구,명물길,46,null,신촌
732,서울특별시,서대문구,신촌로11길,35-7,null,신촌
733,서울특별시,서대문구,연세로5길,26-9,null,신촌
734,서울특별시,관악구,봉천로,385,null,설입
735,서울특별시,관악구,은천로,184,null,설입
736,서울특별시,관악구,봉천로,361,null,설입
737,서울특별시,동작구,사당로,18-1,null,숭입
738,서울특별시,동작구,상도로,306,null,숭입
739,서울특별시,서대문구,연세로9길,10-1,null,신촌
740,서울특별시,서대문구,연세로7길,34-6,null,신촌
741,서울특별시,관악구,관악로14길,39,null,설입
742,서울특별시,동작구,등용로,9,null,숭입
743,서울특별시,서대문구,연세로5가길,1,null,신촌
744,서울특별시,서대문구,명물길,16,null,신촌
745,서울특별시,동작구,상도로,379,null,숭입
746,서울특별시,관악구,남부순환로224길,31,null,설입
747,서울특별시,서대문구,연세로4길,61,null,신촌
748,서울특별시,관악구,관악로14길,34,null,설입
749,서울특별시,동작구,장승배기로,10,null,숭입
750,서울특별시,관악구,봉천로,390-1,null,설입
751,서울특별시,관악구,낙성대로,22-10,null,설입
752,서울특별시,관악구,봉천로23나길,59,null,설입
753,서울특별시,동작구,성대로,216,null,숭입
754,서울특별시,관악구,보라매로,21,1층,설입
755,서울특별시,관악구,봉천로,301,null,설입
756,서울특별시,관악구,중앙1길,12,null,설입
757,서울특별시,동작구,상도로62길,33,null,숭입
758,서울특별시,서대문구,연세로2길,25,null,신촌
759,서울특별시,관악구,남부순환로226길,12,null,설입
760,서울특별시,동작구,성대로1길,1,null,숭입
761,서울특별시,서대문구,연세로5다길,22-3,null,신촌
762,서울특별시,관악구,남부순환로224길,13,null,설입
763,서울특별시,관악구,쑥고개로,89,null,설입
764,서울특별시,관악구,남부순환로,1810,null,설입
765,서울특별시,관악구,중앙길,25,null,설입
766,서울특별시,관악구,은천로,176,null,설입
767,서울특별시,서대문구,연세로7길,27,null,신촌
768,서울특별시,동작구,양녕로,284,null,숭입
769,서울특별시,동작구,국사봉길,79,null,숭입
770,서울특별시,서대문구,신촌로,11-5,null,신촌
771,서울특별시,동작구,상도로62길,45,null,숭입
772,서울특별시,서대문구,연세로4길,53,null,신촌
773,서울특별시,동작구,상도로,346-1,지상2층,숭입
774,서울특별시,관악구,봉천로,604,null,설입
775,서울특별시,관악구,남부순환로208길,3,null,설입
776,서울특별시,관악구,쑥고개로30길,22,null,설입
777,서울특별시,관악구,남부순환로234길,27,null,설입
778,서울특별시,서대문구,연세로7안길,39,null,신촌
779,서울특별시,관악구,청룡길,30,null,설입
780,서울특별시,관악구,청룡7길,33,1층,설입
781,서울특별시,관악구,남부순환로,1924,null,설입
782,서울특별시,서대문구,연세로5가길,8-3,null,신촌
783,서울특별시,관악구,인헌길,36,null,설입
784,서울특별시,관악구,봉천로,339,null,설입
785,서울특별시,관악구,남부순환로244길,26,null,설입
786,서울특별시,서대문구,연세로7길,32,null,신촌
787,서울특별시,서대문구,연세로5다길,40,null,신촌
788,서울특별시,동작구,상도로,127,null,숭입
789,서울특별시,관악구,봉천로,602,null,설입
790,서울특별시,서대문구,명물길,50-8,null,신촌
791,서울특별시,동작구,성대로3길,7,null,숭입
792,서울특별시,관악구,행운1길,64,null,설입
793,서울특별시,관악구,남부순환로,1801,null,설입
794,서울특별시,관악구,남부순환로,1915,null,설입
795,서울특별시,서대문구,연세로9길,32,null,신촌
796,서울특별시,관악구,남부순환로,1766,null,설입
797,서울특별시,관악구,관악로,165,null,설입
798,서울특별시,동작구,성대로29길,63,null,숭입
799,서울특별시,관악구,구암길,33,null,설입
800,서울특별시,관악구,은천로25길,4,null,설입
801,서울특별시,관악구,봉천로25길,4,null,설입
802,서울특별시,관악구,쑥고개로,45,null,설입
803,서울특별시,관악구,행운1길,94,null,설입
804,서울특별시,서대문구,성산로22길,4,null,신촌
805,서울특별시,관악구,인헌4길,12,null,설입
806,서울특별시,서대문구,연세로11길,29,null,신촌
807,서울특별시,관악구,봉천로,421,null,설입
808,서울특별시,관악구,행운2길,16,null,설입
809,서울특별시,관악구,쑥고개로,61-1,null,설입
810,서울특별시,동작구,상도로,103,1층,숭입
811,서울특별시,동작구,상도로,103,null,숭입
812,서울특별시,관악구,관악로14길,65,null,설입
813,서울특별시,서대문구,연세로7안길,37,null,신촌
814,서울특별시,관악구,관악로,211,1층,설입
815,서울특별시,관악구,봉천로,384,null,설입
816,서울특별시,관악구,남부순환로,1848-6,null,설입
817,서울특별시,서대문구,연세로12길,39,null,신촌
818,서울특별시,관악구,봉천로,393,null,설입
819,서울특별시,관악구,은천로,13-1,null,설입
820,서울특별시,동작구,국사봉길,64,null,숭입
821,서울특별시,동작구,상도로47길,4,null,숭입
822,서울특별시,서대문구,연세로7안길,28-3,null,신촌
823,서울특별시,관악구,봉천로,336,null,설입
824,서울특별시,동작구,사당로,12-1,null,숭입
825,서울특별시,동작구,국사봉1길,11,null,숭입
826,서울특별시,관악구,봉천로,391,1층,설입
827,서울특별시,관악구,봉천로,287,null,설입
828,서울특별시,관악구,보라매로3길,29,null,설입
829,서울특별시,관악구,남부순환로,1727-8,null,설입
830,서울특별시,관악구,은천로,1,null,설입
831,서울특별시,관악구,관악로24길,45,null,설입
832,서울특별시,관악구,인헌3가길,2,null,설입
833,서울특별시,관악구,은천로,184,null,설입
834,서울특별시,관악구,남부순환로,1829-7,null,설입
835,서울특별시,관악구,남부순환로226길,31,null,설입
836,서울특별시,관악구,관악로,154-5,null,설입
837,서울특별시,관악구,관악로12길,12,null,설입
838,서울특별시,관악구,관악로37길,15,null,설입
839,서울특별시,관악구,장군봉1길,3,null,설입
840,서울특별시,관악구,남부순환로191길,8,null,설입
841,서울특별시,동작구,상도로,370,null,숭입
842,서울특별시,동작구,성대로2길,12,null,숭입
843,서울특별시,관악구,남부순환로216길,2,null,설입
844,서울특별시,동작구,상도로26길,12,null,숭입
845,서울특별시,관악구,봉천로,257,null,설입
846,서울특별시,관악구,은천로,51,1층,설입
847,서울특별시,서대문구,명물길,27-23,null,신촌
848,서울특별시,관악구,봉천로25길,9,null,설입
849,서울특별시,서대문구,연세로7안길,20,null,신촌
850,서울특별시,동작구,상도로,136,null,숭입
851,서울특별시,서대문구,연세로5나길,8,1~2층,신촌
852,서울특별시,관악구,남부순환로234길,27,null,설입
853,서울특별시,서대문구,명물길,50-4,null,신촌
854,서울특별시,관악구,관악로14가길,2,null,설입
855,서울특별시,관악구,봉천로,396,null,설입
856,서울특별시,관악구,봉천로23길,7,null,설입
857,서울특별시,관악구,관악로24길,14,지하1층,설입
858,서울특별시,관악구,남부순환로248길,29,null,설입
859,서울특별시,동작구,상도로22길,46,null,숭입
860,서울특별시,관악구,관악로16길,13,3층,설입
861,서울특별시,관악구,보라매로2길,2,null,설입
862,서울특별시,관악구,남부순환로,1921-1,null,설입
863,서울특별시,서대문구,연세로7길,20,null,신촌
864,서울특별시,관악구,청림2길,15-12,null,설입
865,서울특별시,서대문구,명물1길,24,null,신촌
866,서울특별시,서대문구,연세로5가길,8-6,null,신촌
867,서울특별시,관악구,봉천로,563,null,설입
868,서울특별시,관악구,쑥고개로,73-1,null,설입
869,서울특별시,동작구,상도로67길,12-5,null,숭입
870,서울특별시,관악구,관악로,246,null,설입
871,서울특별시,동작구,상도로,166,null,숭입
872,서울특별시,동작구,국사봉1길,45,null,숭입
873,서울특별시,동작구,사당로,32,null,숭입
874,서울특별시,관악구,솔밭로,4,null,설입
875,서울특별시,관악구,봉천로,299,null,설입
876,서울특별시,관악구,관악로,113,null,설입
877,서울특별시,관악구,남부순환로234길,23,null,설입
878,서울특별시,관악구,관악로14길,111,null,설입
879,서울특별시,관악구,관악로14길,30,null,설입
880,서울특별시,관악구,청림2길,35-3,null,설입
881,서울특별시,관악구,남부순환로248길,57,null,설입
882,서울특별시,서대문구,연세로7안길,16-4,null,신촌
883,서울특별시,서대문구,연세로7길,26,null,신촌
884,서울특별시,관악구,은천로5길,7,null,설입
885,서울특별시,관악구,남부순환로234길,18,null,설입
886,서울특별시,관악구,남부순환로,1795,1층,설입
887,서울특별시,관악구,봉천로,491-1,null,설입
888,서울특별시,관악구,남부순환로,1919,null,설입
889,서울특별시,서대문구,신촌역로,35,null,신촌
890,서울특별시,서대문구,신촌로9길,6,null,신촌
891,서울특별시,동작구,상도로15길,131,null,숭입
892,서울특별시,관악구,봉천로,469-17,null,설입
893,서울특별시,관악구,당곡길,59,null,설입
894,서울특별시,동작구,성대로2길,5,null,숭입
895,서울특별시,동작구,상도로58길,2,null,숭입
896,서울특별시,서대문구,연세로5나길,6,null,신촌
897,서울특별시,관악구,관악로14길,74-8,null,설입
898,서울특별시,서대문구,연세로7길,18,null,신촌
899,서울특별시,관악구,은천로25길,3,null,설입
900,서울특별시,관악구,보라매로,8,null,설입
901,서울특별시,동작구,성대로1길,17-2,null,숭입
902,서울특별시,관악구,관악로14길,22,null,설입
903,서울특별시,관악구,남부순환로231길,10,null,설입
904,서울특별시,서대문구,연세로9길,37,null,신촌
905,서울특별시,관악구,관악로40길,47,null,설입
906,서울특별시,관악구,남부순환로,1922,null,설입
907,서울특별시,서대문구,명물길,27-19,null,신촌
908,서울특별시,서대문구,명물길,2,null,신촌
909,서울특별시,관악구,중앙2길,8,null,설입
910,서울특별시,관악구,청룡1길,7,null,설입
911,서울특별시,동작구,상도로47길,10,null,숭입
912,서울특별시,관악구,관악로14길,94,null,설입
913,서울특별시,관악구,남부순환로,1829-9,null,설입
914,서울특별시,관악구,관악로28길,46,null,설입
915,서울특별시,관악구,당곡길,76,null,설입
916,서울특별시,동작구,국사봉길,90,null,숭입
917,서울특별시,서대문구,신촌로,83,지하1층,신촌
918,서울특별시,동작구,장승배기로,5,null,숭입
919,서울특별시,서대문구,연세로7길,14,null,신촌
920,서울특별시,관악구,남부순환로,1802,null,설입
921,서울특별시,관악구,양녕로,49,null,설입
922,서울특별시,관악구,남부순환로,1846,null,설입
923,서울특별시,관악구,관악로16길,16,null,설입
924,서울특별시,관악구,은천로,21,null,설입
925,서울특별시,관악구,남부순환로224길,31,null,설입
926,서울특별시,관악구,보라매로,15-2,null,설입
927,서울특별시,서대문구,연세로,12,지하1층,신촌
928,서울특별시,동작구,흑석로,22,1층,숭입
929,서울특별시,관악구,쑥고개로,139,null,설입
930,서울특별시,서대문구,연세로7안길,5,null,신촌
931,서울특별시,서대문구,연세로,1,null,신촌
932,서울특별시,서대문구,연세로7안길,10-3,null,신촌
933,서울특별시,서대문구,연세로4길,48,null,신촌
934,서울특별시,동작구,상도로34길,27,null,숭입
935,서울특별시,관악구,봉천로,495,null,설입
936,서울특별시,관악구,쑥고개로,45,null,설입
937,서울특별시,서대문구,연세로4길,26,null,신촌
938,서울특별시,관악구,봉천로,285,null,설입
939,서울특별시,서대문구,연세로5가길,22,null,신촌
940,서울특별시,서대문구,연세로5다길,12,null,신촌
941,서울특별시,동작구,장승배기로,42,null,숭입
942,서울특별시,관악구,봉천로62길,5,null,설입
943,서울특별시,서대문구,연세로,26-1,null,신촌
944,서울특별시,관악구,봉천로,469-11,null,설입
945,서울특별시,관악구,양녕로,38-1,null,설입
946,서울특별시,서대문구,연세로5나길,33,null,신촌
947,서울특별시,동작구,성대로5길,2,null,숭입
948,서울특별시,서대문구,연세로7길,34-6,null,신촌
949,서울특별시,관악구,남부순환로234길,34,null,설입
950,서울특별시,서대문구,연세로12길,26,null,신촌
951,서울특별시,관악구,봉천로,360,null,설입
952,서울특별시,관악구,쑥고개로,97,null,설입
953,서울특별시,동작구,상도로47길,22,null,숭입
954,서울특별시,서대문구,명물길,36,null,신촌
955,서울특별시,관악구,관악로15길,24,null,설입
956,서울특별시,관악구,청룡2길,29,null,설입
957,서울특별시,관악구,청룡길,38,null,설입
958,서울특별시,서대문구,연세로11길,35,null,신촌
959,서울특별시,동작구,양녕로25길,6,null,숭입
960,서울특별시,관악구,봉천로17길,4,null,설입
961,서울특별시,서대문구,신촌로,61-1,1층,신촌
962,서울특별시,서대문구,연세로,29-1,null,신촌
963,서울특별시,관악구,장군봉1길,20,null,설입
964,서울특별시,동작구,상도로,111,null,숭입
965,서울특별시,관악구,봉천로,507-30,null,설입
966,서울특별시,관악구,당곡길,28,null,설입
967,서울특별시,관악구,남부순환로,1932,null,설입
968,서울특별시,관악구,봉천로,335,null,설입
969,서울특별시,동작구,성대로,36,null,숭입
970,서울특별시,관악구,남부순환로,1795,1층,설입
971,서울특별시,동작구,국사봉1길,82,null,숭입
972,서울특별시,관악구,솔밭로,2,null,설입
973,서울특별시,관악구,봉천로,614,null,설입
974,서울특별시,관악구,관악로14길,28,null,설입
975,서울특별시,동작구,장승배기로,76,null,숭입
976,서울특별시,관악구,관악로13길,17,1층,설입
977,서울특별시,관악구,낙성대로,29,null,설입
978,서울특별시,동작구,상도로,357,null,숭입
979,서울특별시,관악구,행운1길,31,null,설입
980,서울특별시,서대문구,연세로5가길,8-3,null,신촌
981,서울특별시,관악구,관악로15길,9,null,설입
982,서울특별시,관악구,관악로,174,null,설입
983,서울특별시,관악구,봉천로,566,null,설입
984,서울특별시,관악구,봉천로,394,null,설입
985,서울특별시,관악구,솔밭로,4,null,설입
986,서울특별시,동작구,상도로15길,99,null,숭입
987,서울특별시,관악구,장군봉길,7,null,설입
988,서울특별시,서대문구,연희로,34,null,신촌
989,서울특별시,관악구,낙성대로,22-13,null,설입
990,서울특별시,관악구,봉천로,607,null,설입
991,서울특별시,관악구,당곡2길,22,1층,설입
992,서울특별시,서대문구,연세로9길,34-1,null,신촌
993,서울특별시,관악구,인헌길,38,null,설입
994,서울특별시,관악구,남부순환로,1850,null,설입
995,서울특별시,관악구,중앙길,24,null,설입
996,서울특별시,서대문구,연세로,42-22,null,신촌
997,서울특별시,동작구,사당로,56,null,숭입
998,서울특별시,서대문구,연세로5다길,22-8,null,신촌
999,서울특별시,서대문구,연세로2길,19,null,신촌
1000,서울특별시,관악구,관악로16길,25,null,설입
1001,서울특별시,관악구,양녕로,18,null,설입
1002,서울특별시,동작구,상도로30길,22,null,숭입
1003,서울특별시,관악구,보라매로,2,null,설입
1004,서울특별시,관악구,봉천로,333,null,설입
1005,서울특별시,서대문구,명물길,27-18,null,신촌
1006,서울특별시,관악구,봉천로,304,null,설입
1007,서울특별시,관악구,봉천로62길,2,null,설입
1008,서울특별시,관악구,장군봉1길,19,null,설입
1009,서울특별시,관악구,남부순환로216길,13,null,설입
1010,서울특별시,관악구,은천로,28,null,설입
1011,서울특별시,관악구,낙성대로,29,null,설입
1012,서울특별시,서대문구,연세로5길,26-17,null,신촌
1013,서울특별시,관악구,관악로14길,15,null,설입
1014,서울특별시,관악구,관악로12길,30,null,설입
1015,서울특별시,동작구,상도로62길,37,null,숭입
1016,서울특별시,관악구,은천로6길,8,null,설입
1017,서울특별시,동작구,상도로37길,59,null,숭입
1018,서울특별시,동작구,성대로1길,1,null,숭입
1019,서울특별시,동작구,상도로61길,43,null,숭입
1020,서울특별시,관악구,남부순환로,1741,null,설입
1021,서울특별시,관악구,은천로,37,null,설입
1022,서울특별시,서대문구,연세로7길,58,null,신촌
1023,서울특별시,관악구,인헌길,71,null,설입
1024,서울특별시,동작구,성대로29길,67,null,숭입
1025,서울특별시,서대문구,신촌로,31,null,신촌
1026,서울특별시,관악구,인헌4길,3,null,설입
1027,서울특별시,관악구,보라매로,7,null,설입
1028,서울특별시,관악구,남부순환로,1795,1층,설입
1029,서울특별시,서대문구,연세로5가길,16,null,신촌
1030,서울특별시,동작구,상도로,154,null,숭입
1031,서울특별시,관악구,관악로14길,110,null,설입
1032,서울특별시,관악구,관악로14길,6-4,null,설입
1033,서울특별시,서대문구,성산로22길,10,null,신촌
1034,서울특별시,서대문구,연세로7길,38,null,신촌
1035,서울특별시,동작구,상도로,148,null,숭입
1036,서울특별시,관악구,관악로,251,null,설입
1037,서울특별시,동작구,양녕로,190,null,숭입
1038,서울특별시,관악구,쑥고개로,43,null,설입
1039,서울특별시,관악구,은천로,13,null,설입
1040,서울특별시,관악구,관악로30길,12,null,설입
1041,서울특별시,서대문구,연세로12길,10,null,신촌
1042,서울특별시,관악구,봉천로,576,null,설입
1043,서울특별시,서대문구,연세로7길,29,null,신촌
1044,서울특별시,관악구,보라매로2길,1,null,설입
1045,서울특별시,관악구,관악로12길,38,null,설입
1046,서울특별시,동작구,상도로,341-1,null,숭입
1047,서울특별시,관악구,남부순환로,1901,null,설입
1048,서울특별시,동작구,상도로,150,null,숭입
1049,서울특별시,관악구,장군봉2길,10,null,설입
1050,서울특별시,서대문구,연세로2가길,17,null,신촌
1051,서울특별시,관악구,행운1길,125,null,설입
1052,서울특별시,관악구,인헌길,24,null,설입
1053,서울특별시,서대문구,연세로5나길,8,"1,2층",신촌
1054,서울특별시,관악구,봉천로,541,2층,설입
1055,서울특별시,관악구,당곡2길,3,null,설입
1056,서울특별시,관악구,보라매로,17,null,설입
1057,서울특별시,서대문구,신촌로,57,null,신촌
1058,서울특별시,관악구,봉천로49길,8,null,설입
1059,서울특별시,관악구,남부순환로,1904,null,설입
1060,서울특별시,관악구,쑥고개로,64,null,설입
1061,서울특별시,동작구,상도로,368-1,null,숭입
1062,서울특별시,관악구,양녕로,15,1층,설입
1063,서울특별시,관악구,관악로14길,16,null,설입
1064,서울특별시,관악구,봉천로7길,13,null,설입
1065,서울특별시,관악구,관악로15길,39,null,설입
1066,서울특별시,관악구,낙성대로,13,null,설입
1067,서울특별시,관악구,남부순환로,1852,null,설입
1068,서울특별시,서대문구,연세로4길,36,null,신촌
1069,서울특별시,서대문구,연세로5다길,35,null,신촌
1070,서울특별시,동작구,성대로1길,5,null,숭입
1071,서울특별시,관악구,양녕로1길,18,null,설입
1072,서울특별시,관악구,남부순환로,1811,제1층,설입
1073,서울특별시,서대문구,연세로7길,14,null,신촌
1074,서울특별시,관악구,관악로14길,70,null,설입
1075,서울특별시,서대문구,연세로5길,32,null,신촌
1076,서울특별시,서대문구,연세로7안길,34-1,null,신촌
1077,서울특별시,관악구,관악로14길,82,null,설입
1078,서울특별시,동작구,성대로2길,7,null,숭입
1079,서울특별시,동작구,상도로15길,131,null,숭입
1080,서울특별시,관악구,보라매로2길,10,null,설입
1081,서울특별시,서대문구,연세로7안길,46,null,신촌
1082,서울특별시,관악구,남부순환로,1870,null,설입
1083,서울특별시,서대문구,연희로2길,11,null,신촌
1084,서울특별시,관악구,행운1길,40,1층,설입
1085,서울특별시,관악구,남부순환로,1871,null,설입
1086,서울특별시,서대문구,연세로5가길,17,null,신촌
1087,서울특별시,관악구,관악로,231,null,설입
1088,서울특별시,서대문구,명물길,72,null,신촌
1089,서울특별시,관악구,관악로,195,2층,설입
1090,서울특별시,관악구,관악로,244,1층,설입
1091,서울특별시,동작구,양녕로27길,8,null,숭입
1092,서울특별시,관악구,관악로15길,21,null,설입
1093,서울특별시,서대문구,연세로5다길,39,null,신촌
1094,서울특별시,관악구,봉천로,489,null,설입
1095,서울특별시,관악구,행운1길,120,null,설입
1096,서울특별시,관악구,봉천로,544-1,null,설입
1097,서울특별시,동작구,상도로26길,19,null,숭입
1098,서울특별시,동작구,사당로,20,null,숭입
1099,서울특별시,관악구,남부순환로,1760,null,설입
1100,서울특별시,관악구,당곡길,65,null,설입
1101,서울특별시,서대문구,연세로7안길,21,null,신촌
1102,서울특별시,서대문구,명물1길,2,null,신촌
1103,서울특별시,서대문구,연세로7안길,4,null,신촌
1104,서울특별시,관악구,관악로5길,30,null,설입
1105,서울특별시,관악구,은천로,8,null,설입
1106,서울특별시,관악구,쑥고개로,85,null,설입
1107,서울특별시,관악구,쑥고개로11길,31,null,설입
1108,서울특별시,관악구,남부순환로,1827,null,설입
1109,서울특별시,서대문구,연세로5가길,20,null,신촌
1110,서울특별시,서대문구,연세로11길,12,null,신촌
1111,서울특별시,관악구,봉천로49길,3,null,설입
1112,서울특별시,관악구,장군봉길,16,null,설입
1113,서울특별시,관악구,장군봉1길,19,null,설입
1114,서울특별시,관악구,봉천로,546,null,설입
1115,서울특별시,동작구,성대로1길,6,null,숭입
1116,서울특별시,관악구,봉천로,520-1,null,설입
1117,서울특별시,관악구,봉천로,237-7,null,설입
1118,서울특별시,관악구,봉천로,534,null,설입
1119,서울특별시,관악구,남부순환로230길,50,null,설입
1120,서울특별시,서대문구,연세로5다길,35,null,신촌
1121,서울특별시,서대문구,신촌로1길,14,null,신촌
1122,서울특별시,동작구,상도로47길,4,null,숭입
1123,서울특별시,동작구,상도로67길,27,null,숭입
1124,서울특별시,서대문구,명물길,10,null,신촌
1125,서울특별시,관악구,관악로,172,null,설입
1126,서울특별시,관악구,남부순환로230길,40,null,설입
1127,서울특별시,서대문구,신촌로,73,null,신촌
1128,서울특별시,서대문구,연세로12길,39,null,신촌
1129,서울특별시,서대문구,연세로7안길,18,null,신촌
1130,서울특별시,관악구,봉천로,592,null,설입
1131,서울특별시,동작구,상도로67길,27,null,숭입
1132,서울특별시,관악구,관악로14길,36,null,설입
1133,서울특별시,동작구,사당로,24,null,숭입
1134,서울특별시,관악구,남부순환로230길,45,null,설입
1135,서울특별시,관악구,관악로16길,38,2층,설입
1136,서울특별시,관악구,봉천로62길,7,null,설입
1137,서울특별시,관악구,낙성대역길,103,null,설입
1138,서울특별시,관악구,관악로12길,108,null,설입
1139,서울특별시,관악구,봉천로13길,9,null,설입
1140,서울특별시,서대문구,연세로4길,45,null,신촌
1141,서울특별시,관악구,쑥고개로,62,null,설입
1142,서울특별시,서대문구,연세로12길,19,null,신촌
1143,서울특별시,관악구,인헌길,100,null,설입
1144,서울특별시,동작구,사당로,4,null,숭입
1145,서울특별시,관악구,은천로,32,null,설입
1146,서울특별시,관악구,봉천로13길,6,null,설입
1147,서울특별시,서대문구,명물길,59,null,신촌
1148,서울특별시,관악구,봉천로25길,5,null,설입
1149,서울특별시,관악구,봉천로13길,9,null,설입
1150,서울특별시,관악구,관악로15길,24,null,설입
1151,서울특별시,관악구,은천로,114,null,설입
1152,서울특별시,관악구,청림2길,31-17,null,설입
1153,서울특별시,관악구,행운1길,25,1층,설입
1154,서울특별시,관악구,관악로24길,63,null,설입
1155,서울특별시,관악구,봉천로,497,null,설입
1156,서울특별시,관악구,관악로16길,36,null,설입
1157,서울특별시,동작구,상도로61길,28,null,숭입
1158,서울특별시,서대문구,연세로5가길,8-6,null,신촌
1159,서울특별시,관악구,봉천로13길,17,null,설입
1160,서울특별시,동작구,상도로,177,null,숭입
1161,서울특별시,서대문구,연세로7길,34-4,null,신촌
1162,서울특별시,관악구,행운1길,39,null,설입
1163,서울특별시,관악구,봉천로,605,null,설입
1164,서울특별시,관악구,봉천로53길,5,null,설입
1165,서울특별시,관악구,행운1길,4,null,설입
1166,서울특별시,서대문구,신촌로,83,10층,신촌
1167,서울특별시,서대문구,연세로5길,2,null,신촌
1168,서울특별시,관악구,봉천로,550,null,설입
1169,서울특별시,관악구,관악로14길,34,null,설입
1170,서울특별시,관악구,은천로8길,28,null,설입
1171,서울특별시,동작구,양녕로26길,26,null,숭입
1172,서울특별시,관악구,낙성대역3길,11,null,설입
1173,서울특별시,관악구,봉천로49길,12,null,설입
1174,서울특별시,관악구,봉천로,382-1,null,설입
1175,서울특별시,관악구,관악로14길,27,null,설입
1176,서울특별시,관악구,청림6길,3,1층,설입
1177,서울특별시,관악구,청룡2길,29,null,설입
1178,서울특별시,동작구,장승배기로,21,null,숭입
1179,서울특별시,관악구,관악로,211,null,설입
1180,서울특별시,관악구,남부순환로,1888,null,설입
1181,서울특별시,관악구,봉천로,520,null,설입
1182,서울특별시,관악구,양녕로,66,null,설입
1183,서울특별시,서대문구,연세로7안길,22,null,신촌
1184,서울특별시,관악구,관악로14길,88,지하1층~1층,설입
1185,서울특별시,관악구,남부순환로216길,13,null,설입
1186,서울특별시,관악구,봉천로41길,5,null,설입
1187,서울특별시,서대문구,연세로4길,38,null,신촌
1188,서울특별시,서대문구,연세로4길,33,null,신촌
1189,서울특별시,동작구,상도로62길,105,null,숭입
1190,서울특별시,관악구,남부순환로228길,5,지하1층,설입
1191,서울특별시,관악구,장군봉1길,46,null,설입
1192,서울특별시,관악구,낙성대로,10,1층,설입
1193,서울특별시,동작구,상도로,162,null,숭입
1194,서울특별시,서대문구,연세로9길,10-7,null,신촌
1195,서울특별시,관악구,은천로,51,null,설입
1196,서울특별시,서대문구,명물길,16,null,신촌
1197,서울특별시,동작구,상도로,368,null,숭입
1198,서울특별시,관악구,은천로,66,null,설입
1199,서울특별시,동작구,양녕로25길,2-8,null,숭입
1200,서울특별시,서대문구,성산로22길,36,null,신촌
1201,서울특별시,관악구,인헌길,49,null,설입
1202,서울특별시,관악구,인헌3길,8,null,설입
1203,서울특별시,서대문구,연희로2길,14,null,신촌
1204,서울특별시,관악구,남부순환로248길,29,null,설입
1205,서울특별시,관악구,쑥고개로,97,null,설입
1206,서울특별시,서대문구,연세로9길,19,null,신촌
1207,서울특별시,서대문구,명물길,36-7,null,신촌
1208,서울특별시,관악구,남부순환로,1811,1층,설입
1209,서울특별시,동작구,국사봉1길,24,null,숭입
1210,서울특별시,관악구,은천로23길,16,null,설입
1211,서울특별시,서대문구,연세로5다길,36,null,신촌
1212,서울특별시,관악구,관악로14길,37,null,설입
1213,서울특별시,관악구,장군봉2길,43,null,설입
1214,서울특별시,서대문구,신촌로1길,7,null,신촌
1215,서울특별시,서대문구,신촌로1길,9,null,신촌
1216,서울특별시,서대문구,명물길,37,null,신촌
1217,서울특별시,관악구,봉천로,473-13,null,설입
1218,서울특별시,동작구,상도로,207,null,숭입
1219,서울특별시,관악구,관악로11길,87,null,설입
1220,서울특별시,동작구,국사봉1길,24,null,숭입
1221,서울특별시,관악구,봉천로,333,null,설입
1222,서울특별시,관악구,봉천로,237-7,null,설입
1223,서울특별시,서대문구,연세로5다길,22,null,신촌
1224,서울특별시,서대문구,연세로7안길,20,null,신촌
1225,서울특별시,관악구,남부순환로230길,39,null,설입
1226,서울특별시,동작구,상도로12길,5-4,null,숭입
1227,서울특별시,서대문구,연세로,7,null,신촌
1228,서울특별시,관악구,관악로,212,null,설입
1229,서울특별시,동작구,양녕로26길,39,null,숭입
1230,서울특별시,관악구,참숯길,3,null,설입
1231,서울특별시,관악구,인헌길,43,null,설입
1232,서울특별시,서대문구,연세로5가길,11,null,신촌
1233,서울특별시,관악구,봉천로35길,8,null,설입
1234,서울특별시,관악구,관악로14길,101,null,설입
1235,서울특별시,동작구,만양로,7,null,숭입
1236,서울특별시,관악구,양녕로,42,null,설입
1237,서울특별시,관악구,중앙길,19,null,설입
1238,서울특별시,서대문구,연세로11길,10,null,신촌
1239,서울특별시,동작구,상도로36길,39,null,숭입
1240,서울특별시,동작구,양녕로22가길,67,null,숭입
1241,서울특별시,서대문구,연세로7길,38,null,신촌
1242,서울특별시,관악구,남부순환로,1808,1층,설입
1243,서울특별시,관악구,남부순환로248길,68,1층,설입
1244,서울특별시,서대문구,신촌로11길,25-39,null,신촌
1245,서울특별시,관악구,봉천로13길,5,null,설입
1246,서울특별시,서대문구,연세로7안길,2,null,신촌
1247,서울특별시,서대문구,연세로,23,null,신촌
1248,서울특별시,동작구,상도로22길,44,null,숭입
1249,서울특별시,관악구,봉천로,209,7층,설입
1250,서울특별시,관악구,관악로,212,null,설입
1251,서울특별시,서대문구,명물길,27-23,null,신촌
1252,서울특별시,서대문구,연세로7안길,34-1,null,신촌
1253,서울특별시,동작구,상도로15길,98,null,숭입
1254,서울특별시,관악구,청림6길,15,null,설입
1255,서울특별시,관악구,관악로14길,70,null,설입
1256,서울특별시,관악구,남부순환로230길,50,null,설입
1257,서울특별시,관악구,봉천로,596,null,설입
1258,서울특별시,관악구,인헌길,23,null,설입
1259,서울특별시,관악구,관악로14길,31,null,설입
1260,서울특별시,서대문구,연세로7안길,10-7,null,신촌
1261,서울특별시,동작구,성대로,87,null,숭입
1262,서울특별시,동작구,상도로53길,45,null,숭입
1263,서울특별시,관악구,남부순환로,1699-6,null,설입
1264,서울특별시,서대문구,연세로7안길,31,null,신촌
1265,서울특별시,관악구,쑥고개로11길,3,null,설입
1266,서울특별시,서대문구,연세로9길,10-4,null,신촌
1267,서울특별시,관악구,쑥고개로,86,1층,설입
1268,서울특별시,동작구,만양로,5,null,숭입
1269,서울특별시,동작구,국사봉1길,31,2층,숭입
1270,서울특별시,동작구,성대로1길,22,null,숭입
1271,서울특별시,관악구,솔밭로,15-1,null,설입
1272,서울특별시,동작구,성대로,46,null,숭입
1273,서울특별시,관악구,봉천로,592,null,설입
1274,서울특별시,관악구,남부순환로,1934,null,설입
1275,서울특별시,관악구,관악로14길,105,null,설입
1276,서울특별시,관악구,은천로,35,null,설입
1277,서울특별시,동작구,상도로22길,6,null,숭입
1278,서울특별시,관악구,낙성대로,20,null,설입
1279,서울특별시,서대문구,신촌로,51,null,신촌
1280,서울특별시,관악구,관악로,251,null,설입
1281,서울특별시,관악구,봉천로53길,24,null,설입
1282,서울특별시,관악구,봉천로7길,24,null,설입
1283,서울특별시,서대문구,연세로7안길,43,null,신촌
1284,서울특별시,서대문구,연세로7길,23,null,신촌
1285,서울특별시,관악구,봉천로,217,null,설입
1286,서울특별시,관악구,남부순환로,1869,null,설입
1287,서울특별시,관악구,봉천로,338,null,설입
1288,서울특별시,관악구,남부순환로210길,6,null,설입
1289,서울특별시,서대문구,연세로9길,22,null,신촌
1290,서울특별시,관악구,봉천로,482,null,설입
1291,서울특별시,관악구,관악로30길,9,null,설입
1292,서울특별시,관악구,행운1마길,13,null,설입
1293,서울특별시,관악구,관악로14길,94,null,설입
1294,서울특별시,관악구,남부순환로,1891,null,설입
1295,서울특별시,서대문구,명물길,26,null,신촌
1296,서울특별시,관악구,행운길,23-19,null,설입
1297,서울특별시,관악구,장군봉1길,9,null,설입
1298,서울특별시,관악구,남부순환로206길,5,null,설입
1299,서울특별시,관악구,관악로14길,50,null,설입
1300,서울특별시,관악구,은천로,3,null,설입
1301,서울특별시,관악구,청림6길,18,null,설입
1302,서울특별시,관악구,낙성대로,34,null,설입
1303,서울특별시,관악구,남부순환로,1925,null,설입
1304,서울특별시,서대문구,연세로4길,30,null,신촌
1305,서울특별시,동작구,상도로61길,40,null,숭입
1306,서울특별시,관악구,관악로,174,null,설입
1307,서울특별시,관악구,관악로14길,88,지하1층,설입
1308,서울특별시,관악구,봉천로,584,null,설입
1309,서울특별시,관악구,청룡길,30,null,설입
1310,서울특별시,관악구,행운10길,15,지하1층,설입
1311,서울특별시,관악구,봉천로62길,10,null,설입
1312,서울특별시,관악구,양녕로,46,1층,설입
1313,서울특별시,관악구,봉천로53길,12,null,설입
1314,서울특별시,서대문구,연세로5가길,1,null,신촌
1315,서울특별시,관악구,인헌4길,3,null,설입
1316,서울특별시,동작구,상도로15길,76,null,숭입
1317,서울특별시,동작구,상도로,219,null,숭입
1318,서울특별시,관악구,행운1길,48,null,설입
1319,서울특별시,동작구,상도로34길,36,null,숭입
1320,서울특별시,동작구,상도로,161,null,숭입
1321,서울특별시,동작구,사당로,36,null,숭입
1322,서울특별시,관악구,남부순환로,1799,null,설입
1323,서울특별시,관악구,봉천로,379,null,설입
1324,서울특별시,서대문구,신촌로,67,null,신촌
1325,서울특별시,동작구,상도로24길,35,null,숭입
1326,서울특별시,서대문구,연세로7안길,2,null,신촌
1327,서울특별시,서대문구,연세로7길,25,null,신촌
1328,서울특별시,관악구,관악로14나길,6,null,설입
1329,서울특별시,관악구,낙성대역길,15,null,설입
1330,서울특별시,관악구,보라매로,23,null,설입
1331,서울특별시,관악구,쑥고개로,133,null,설입
1332,서울특별시,관악구,남부순환로,1839,null,설입
1333,서울특별시,관악구,남부순환로,1835-30,null,설입
1334,서울특별시,관악구,청림길,1-1,null,설입
1335,서울특별시,동작구,상도로61길,44,null,숭입
1336,서울특별시,동작구,상도로60길,9-1,null,숭입
1337,서울특별시,서대문구,명물길,27-15,null,신촌
1338,서울특별시,서대문구,연세로5가길,21,null,신촌
1339,서울특별시,관악구,관악로30길,6,null,설입
1340,서울특별시,서대문구,연세로,35,null,신촌
1341,서울특별시,서대문구,신촌로,1,지하4층,신촌
1342,서울특별시,관악구,봉천로,391,1층,설입
1343,서울특별시,동작구,상도로19길,14,null,숭입
1344,서울특별시,관악구,청룡3길,21,null,설입
1345,서울특별시,관악구,봉천로,493,null,설입
1346,서울특별시,관악구,남부순환로,1922,null,설입
1347,서울특별시,서대문구,연세로,24,null,신촌
1348,서울특별시,서대문구,연세로7안길,26,null,신촌
1349,서울특별시,동작구,상도로22길,37,null,숭입
1350,서울특별시,서대문구,연세로5다길,30,null,신촌
1351,서울특별시,관악구,청림3마길,26,null,설입
1352,서울특별시,관악구,관악로,128,null,설입
1353,서울특별시,관악구,행운1길,81,null,설입
1354,서울특별시,관악구,쑥고개로,137,null,설입
1355,서울특별시,관악구,인헌6길,8,null,설입
1356,서울특별시,관악구,쑥고개로,86,null,설입
1357,서울특별시,관악구,관악로,155,null,설입
1358,서울특별시,서대문구,명물길,14,null,신촌
1359,서울특별시,관악구,관악로16길,16,null,설입
1360,서울특별시,서대문구,연세로12길,10,null,신촌
1361,서울특별시,관악구,봉천로23길,16,null,설입
1362,서울특별시,서대문구,연세로,8-1,지하3층,신촌
1363,서울특별시,관악구,봉천로27길,41,null,설입
1364,서울특별시,관악구,관악로,184,null,설입
1365,서울특별시,관악구,남부순환로231길,11,1층,설입
1366,서울특별시,서대문구,명물길,23,3층,신촌
1367,서울특별시,동작구,상도로,127,null,숭입
1368,서울특별시,관악구,남부순환로,1820,10층,설입
1369,서울특별시,서대문구,연세로,37,null,신촌
1370,서울특별시,관악구,봉천로,490-1,null,설입
1371,서울특별시,서대문구,연세로11길,25,null,신촌
1372,서울특별시,관악구,봉천로,508,null,설입
1373,서울특별시,관악구,봉천로,392,null,설입
1374,서울특별시,관악구,보라매로,15-3,null,설입
1375,서울특별시,관악구,남부순환로,1932,null,설입
1376,서울특별시,관악구,봉천로,459,null,설입
1377,서울특별시,관악구,보라매로2길,22,null,설입
1378,서울특별시,서대문구,연세로11길,21,null,신촌
1379,서울특별시,관악구,은천로,184,null,설입
1380,서울특별시,관악구,관악로15길,23-3,null,설입
1381,서울특별시,관악구,당곡6길,6,null,설입
1382,서울특별시,동작구,상도로47바길,48,null,숭입
1383,서울특별시,관악구,보라매로3길,29,null,설입
1384,서울특별시,서대문구,신촌로,21,null,신촌
1385,서울특별시,관악구,봉천로53길,22,null,설입
1386,서울특별시,동작구,성대로2길,7,null,숭입
1387,서울특별시,동작구,성대로,63,null,숭입
1388,서울특별시,서대문구,연세로12길,37-3,null,신촌
1389,서울특별시,관악구,은천로,114,null,설입
1390,서울특별시,동작구,장승배기로10길,23,null,숭입
1391,서울특별시,관악구,관악로,224,null,설입
1392,서울특별시,서대문구,연세로9길,23,null,신촌
1393,서울특별시,서대문구,연세로9길,13,null,신촌
1394,서울특별시,동작구,상도로31길,19,제지2층,숭입
1395,서울특별시,관악구,인헌길,14,1층,설입
1396,서울특별시,관악구,관악로14길,15,null,설입
1397,서울특별시,관악구,남부순환로,1751,null,설입
1398,서울특별시,관악구,남부순환로226길,9,null,설입
1399,서울특별시,동작구,성대로,167,null,숭입
1400,서울특별시,관악구,관악로14가길,2,null,설입
1401,서울특별시,관악구,봉천로,456-3,null,설입
1402,서울특별시,관악구,남부순환로230길,40-4,null,설입
1403,서울특별시,서대문구,명물길,58-8,null,신촌
1404,서울특별시,서대문구,연세로5다길,5,null,신촌
1405,서울특별시,서대문구,성산로,406,null,신촌
1406,서울특별시,관악구,봉천로,566-1,null,설입
1407,서울특별시,동작구,장승배기로,8-1,null,숭입
1408,서울특별시,동작구,사당로,10,null,숭입
1409,서울특별시,관악구,관악로24길,14,지하1층,설입
1410,서울특별시,관악구,봉천로,461-1,null,설입
1411,서울특별시,관악구,관악로14길,45,null,설입
1412,서울특별시,서대문구,연세로7안길,16-3,null,신촌
1413,서울특별시,동작구,성대로6길,10,null,숭입
1414,서울특별시,동작구,상도로22길,21,null,숭입
1415,서울특별시,관악구,양녕로1길,46,null,설입
1416,서울특별시,관악구,관악로12길,47,1층,설입
1417,서울특별시,서대문구,연세로4길,40,null,신촌
1418,서울특별시,동작구,장승배기로1길,20,null,숭입
1419,서울특별시,관악구,인헌2길,8-2,null,설입
1420,서울특별시,관악구,남부순환로,1814,null,설입
1421,서울특별시,서대문구,명물길,20,null,신촌
1422,서울특별시,서대문구,연세로,42-34,null,신촌
1423,서울특별시,관악구,봉천로,518-4,null,설입
1424,서울특별시,서대문구,신촌로,87-4,null,신촌
1425,서울특별시,동작구,사당로,14,null,숭입
1426,서울특별시,동작구,상도로,180,null,숭입
1427,서울특별시,서대문구,연세로,20,null,신촌
1428,서울특별시,동작구,양녕로25길,2-4,null,숭입
1429,서울특별시,관악구,남부순환로200길,9,null,설입
1430,서울특별시,서대문구,연세로7안길,42,null,신촌
1431,서울특별시,관악구,남부순환로,1797,null,설입
1432,서울특별시,동작구,상도로,128,null,숭입
1433,서울특별시,동작구,국사봉1길,21,null,숭입
1434,서울특별시,동작구,성대로29길,63,null,숭입
1435,서울특별시,동작구,상도로,387-1,null,숭입
1436,서울특별시,관악구,남부순환로,1827,null,설입
1437,서울특별시,관악구,관악로12길,104,null,설입
1438,서울특별시,동작구,국사봉길,74,null,숭입
1439,서울특별시,관악구,봉천로,469-8,null,설입
1440,서울특별시,동작구,양녕로26길,6,null,숭입
1441,서울특별시,관악구,봉천로,568-1,null,설입
1442,서울특별시,관악구,청림길,18,null,설입
1443,서울특별시,관악구,봉천로,273,null,설입
1444,서울특별시,서대문구,연세로11길,21,null,신촌
1445,서울특별시,동작구,성대로,202,null,숭입
1446,서울특별시,관악구,봉천로25길,13,null,설입
1447,서울특별시,관악구,관악로14길,96,null,설입
1448,서울특별시,관악구,낙성대로,11,null,설입
1449,서울특별시,서대문구,신촌역로,43,null,신촌
1450,서울특별시,관악구,참숯1길,2,null,설입
1451,서울특별시,관악구,남부순환로234길,31,null,설입
1452,서울특별시,서대문구,연세로9길,8,null,신촌
1453,서울특별시,동작구,만양로2길,2,null,숭입
1454,서울특별시,관악구,당곡2길,22,1층,설입
1455,서울특별시,동작구,성대로1길,16,null,숭입
1456,서울특별시,서대문구,연세로7길,21,null,신촌
1457,서울특별시,관악구,관악로40길,47,지하1층,설입
1458,서울특별시,관악구,청룡1길,25,null,설입
1459,서울특별시,서대문구,연세로12길,37-4,1층)),신촌
1460,서울특별시,관악구,봉천로33길,7,null,설입
1461,서울특별시,동작구,양녕로25마길,45,null,숭입
1462,서울특별시,동작구,국사봉1길,4,null,숭입
1463,서울특별시,관악구,인헌길,40,null,설입
1464,서울특별시,서대문구,연세로4길,19,null,신촌
1465,서울특별시,서대문구,연세로5다길,6,null,신촌
1466,서울특별시,동작구,상도로26길,11,null,숭입
1467,서울특별시,관악구,남부순환로,1908,null,설입
1468,서울특별시,서대문구,신촌로,17,1층,신촌
1469,서울특별시,관악구,남부순환로,1850,null,설입
1470,서울특별시,동작구,양녕로28길,42,null,숭입
1471,서울특별시,관악구,남부순환로248길,38,null,설입
1472,서울특별시,서대문구,연세로12길,39,null,신촌
1473,서울특별시,관악구,보라매로,14-3,null,설입
1474,서울특별시,서대문구,연세로7안길,1,null,신촌
1475,서울특별시,관악구,남부순환로248길,20,null,설입
1476,서울특별시,동작구,상도로,127,null,숭입
1477,서울특별시,관악구,관악로24길,37,null,설입
1478,서울특별시,관악구,봉천로,362-1,1층,설입
1479,서울특별시,서대문구,연세로,6,null,신촌
1480,서울특별시,관악구,남부순환로,1754,null,설입
1481,서울특별시,관악구,인헌길,80,null,설입
1482,서울특별시,관악구,남부순환로,1710,null,설입
1483,서울특별시,관악구,봉천로,341,null,설입
1484,서울특별시,관악구,남부순환로230길,18,null,설입
1485,서울특별시,관악구,남부순환로226길,12,null,설입
1486,서울특별시,관악구,봉천로,586-1,null,설입
1487,서울특별시,서대문구,연세로9길,16,null,신촌
1488,서울특별시,관악구,남부순환로224길,31,null,설입
1489,서울특별시,관악구,남부순환로,1739-9,null,설입
1490,서울특별시,동작구,상도로22길,34,null,숭입
1491,서울특별시,동작구,성대로1길,24,null,숭입
1492,서울특별시,서대문구,연세로9길,37,null,신촌
1493,서울특별시,동작구,장승배기로10길,21,null,숭입
1494,서울특별시,관악구,장군봉1길,56,지하1층,설입
1495,서울특별시,관악구,관악로14길,29,null,설입
1496,서울특별시,관악구,양녕로,38,null,설입
1497,서울특별시,관악구,장군봉1길,26,null,설입
1498,서울특별시,서대문구,연세로5다길,26,null,신촌
1499,서울특별시,관악구,봉천로,299,null,설입
1500,서울특별시,관악구,남부순환로,1739-9,null,설입
1501,서울특별시,동작구,국사봉길,33,null,숭입
1502,서울특별시,관악구,남부순환로218길,37,null,설입
1503,서울특별시,서대문구,신촌로1길,3,null,신촌
1504,서울특별시,관악구,은천로39길,22,null,설입
1505,서울특별시,관악구,봉천로,580,null,설입
1506,서울특별시,서대문구,연세로5다길,46,null,신촌
1507,서울특별시,서대문구,연세로,10-1,null,신촌
1508,서울특별시,관악구,봉천로,616,null,설입
1509,서울특별시,관악구,남부순환로,1838,1층,설입
1510,서울특별시,서대문구,명물길,27-7,null,신촌
1511,서울특별시,서대문구,신촌역로,43,null,신촌
1512,서울특별시,서대문구,연세로12길,23,null,신촌
1513,서울특별시,관악구,관악로14길,8,null,설입
1514,서울특별시,동작구,상도로30길,8,null,숭입
1515,서울특별시,관악구,봉천로,473-13,null,설입
1516,서울특별시,동작구,국사봉1길,4,null,숭입
1517,서울특별시,동작구,상도로,362-1,null,숭입
1518,서울특별시,관악구,남부순환로210길,8,null,설입
1519,서울특별시,관악구,은천로,11,null,설입
1520,서울특별시,서대문구,연세로4길,42-3,null,신촌
1521,서울특별시,동작구,장승배기로10길,17,null,숭입
1522,서울특별시,관악구,봉천로7길,19,null,설입
1523,서울특별시,관악구,은천로,24,null,설입
1524,서울특별시,동작구,상도로,95,null,숭입
1525,서울특별시,동작구,상도로15길,39,null,숭입
1526,서울특별시,서대문구,연세로5가길,29,null,신촌
1527,서울특별시,동작구,상도로,258-1,null,숭입
1528,서울특별시,서대문구,연세로9길,17,null,신촌
1529,서울특별시,관악구,관악로,164,null,설입
1530,서울특별시,동작구,상도로,252,null,숭입
1531,서울특별시,관악구,은천로2길,35,null,설입
1532,서울특별시,동작구,성대로1길,4,null,숭입
1533,서울특별시,관악구,은천로19길,6,null,설입
1534,서울특별시,동작구,사당로,6-1,null,숭입
1535,서울특별시,동작구,양녕로22가길,67,null,숭입
1536,서울특별시,서대문구,연세로4길,40,null,신촌
1537,서울특별시,서대문구,연세로,27-1,3층,신촌
1538,서울특별시,관악구,인헌길,60,null,설입
1539,서울특별시,서대문구,연세로7길,32,null,신촌
1540,서울특별시,서대문구,연세로5가길,14,null,신촌
1541,서울특별시,관악구,관악로13길,25,null,설입
1542,서울특별시,서대문구,연세로7안길,18,null,신촌
1543,서울특별시,관악구,관악로16길,25,null,설입
1544,서울특별시,관악구,양녕로,46,1층,설입
1545,서울특별시,서대문구,연세로5다길,14,null,신촌
1546,서울특별시,관악구,관악로,196-1,null,설입
1547,서울특별시,서대문구,연세로9길,37,null,신촌
1548,서울특별시,관악구,남부순환로234길,18,null,설입
1549,서울특별시,동작구,장승배기로,57-1,null,숭입
1550,서울특별시,서대문구,신촌로,79,2.3층,신촌
1551,서울특별시,서대문구,명물길,20-1,null,신촌
1552,서울특별시,관악구,봉천로27길,36,null,설입
1553,서울특별시,관악구,관악로12길,3-14,null,설입
1554,서울특별시,관악구,남부순환로226길,36,null,설입
1555,서울특별시,서대문구,연세로2길,29,null,신촌
1556,서울특별시,서대문구,연세로7안길,10-4,null,신촌
1557,서울특별시,관악구,은천로,18,null,설입
1558,서울특별시,관악구,양녕로,16-1,null,설입
1559,서울특별시,관악구,봉천로,486,null,설입
1560,서울특별시,관악구,관악로,273,null,설입
1561,서울특별시,동작구,상도로,180,null,숭입
1562,서울특별시,관악구,쑥고개로16길,3,null,설입
1563,서울특별시,관악구,장군봉1길,56,지하1층,설입
1564,서울특별시,관악구,봉천로,362,1층,설입
1565,서울특별시,관악구,남부순환로226길,9,null,설입
1566,서울특별시,관악구,청룡1길,19,null,설입
1567,서울특별시,동작구,상도로15길,3,null,숭입
1568,서울특별시,관악구,남부순환로,1829-6,null,설입
1569,서울특별시,동작구,매봉로,61,null,숭입
1570,서울특별시,관악구,봉천로,309,null,설입
1571,서울특별시,서대문구,신촌로11길,11-11,null,신촌
1572,서울특별시,관악구,보라매로3길,29,null,설입
1573,서울특별시,서대문구,명물길,27-13,null,신촌
1574,서울특별시,관악구,남부순환로,1750,null,설입
1575,서울특별시,서대문구,연세로5다길,5,1층,신촌
1576,서울특별시,관악구,남부순환로231길,11,null,설입
1577,서울특별시,동작구,상도로15길,111-4,null,숭입
1578,서울특별시,관악구,국회단지27길,15,null,설입
1579,서울특별시,관악구,행운1길,3,null,설입
1580,서울특별시,관악구,봉천로,275,null,설입
1581,서울특별시,관악구,쑥고개로,97,null,설입
1582,서울특별시,동작구,양녕로26길,56,1층,숭입
1583,서울특별시,관악구,남부순환로,1923,1층,설입
1584,서울특별시,관악구,봉천로,474,null,설입
1585,서울특별시,관악구,청룡2길,8,null,설입
1586,서울특별시,서대문구,신촌로,87-20,null,신촌
1587,서울특별시,서대문구,신촌로,39,null,신촌
1588,서울특별시,동작구,상도로56길,2,null,숭입
1589,서울특별시,관악구,남부순환로230길,48,null,설입
1590,서울특별시,관악구,남부순환로226길,23-7,1층,설입
1591,서울특별시,관악구,낙성대로,24-1,null,설입
1592,서울특별시,서대문구,연세로9길,23,null,신촌
1593,서울특별시,관악구,봉천로,449-1,null,설입
1594,서울특별시,관악구,남부순환로,1820,8층,설입
1595,서울특별시,관악구,낙성대역길,77,null,설입
1596,서울특별시,서대문구,연세로7안길,29,null,신촌
1597,서울특별시,관악구,낙성대로,8,null,설입
1598,서울특별시,서대문구,명물길,50-6,null,신촌
1599,서울특별시,관악구,중앙길,17,null,설입
1600,서울특별시,관악구,봉천로,554,null,설입
1601,서울특별시,관악구,낙성대역길,18,null,설입
1602,서울특별시,관악구,행운1길,14,null,설입
1603,서울특별시,동작구,상도로37길,62,null,숭입
1604,서울특별시,관악구,관악로12길,3-12,null,설입
1605,서울특별시,서대문구,연세로,5,1층,신촌
1606,서울특별시,동작구,상도로,178,null,숭입
1607,서울특별시,동작구,성대로1길,3,null,숭입
1608,서울특별시,동작구,성대로29길,1,1층,숭입
1609,서울특별시,관악구,관악로10길,53,null,설입
1610,서울특별시,서대문구,연세로11길,35,null,신촌
1611,서울특별시,동작구,흑석로,24-1,null,숭입
1612,서울특별시,서대문구,명물길,76-5,null,신촌
1613,서울특별시,서대문구,연세로7안길,31,null,신촌
1614,서울특별시,관악구,봉천로,293,null,설입
1615,서울특별시,관악구,관악로,192,null,설입
1616,서울특별시,동작구,상도로22길,34,null,숭입
1617,서울특별시,관악구,봉천로,590,null,설입
1618,서울특별시,서대문구,연세로5가길,3,null,신촌
1619,서울특별시,동작구,상도로37길,68-1,null,숭입
1620,서울특별시,관악구,남부순환로,1699-8,null,설입
1621,서울특별시,관악구,봉천로53길,5,null,설입
1622,서울특별시,관악구,봉천로,209,지하2층,설입
1623,서울특별시,서대문구,연세로9길,10-1,null,신촌
1624,서울특별시,관악구,봉천로41길,7,null,설입
1625,서울특별시,동작구,양녕로,190,1층,숭입
1626,서울특별시,관악구,관악로28길,70,null,설입
1627,서울특별시,관악구,남부순환로,1786,null,설입
1628,서울특별시,관악구,인헌4길,8,null,설입
1629,서울특별시,관악구,장군봉2길,25,null,설입
1630,서울특별시,동작구,성대로29길,68,null,숭입
1631,서울특별시,관악구,장군봉1길,50,null,설입
1632,서울특별시,관악구,청림2길,40,null,설입
1633,서울특별시,관악구,관악로16길,26,null,설입
1634,서울특별시,관악구,은천로,97,null,설입
1635,서울특별시,동작구,만양로,11,null,숭입
1636,서울특별시,동작구,양녕로,184,null,숭입
1637,서울특별시,동작구,사당로,28,null,숭입
1638,서울특별시,서대문구,연세로7안길,10,null,신촌
1639,서울특별시,동작구,상도로61길,38,null,숭입
1640,서울특별시,관악구,남부순환로,1944,null,설입
1641,서울특별시,관악구,은천로33길,18,null,설입
1642,서울특별시,관악구,보라매로3길,7,null,설입
1643,서울특별시,서대문구,연세로4길,39,null,신촌
1644,서울특별시,관악구,중앙1가길,6,null,설입
1645,서울특별시,관악구,은천로,125,null,설입
1646,서울특별시,관악구,쑥고개로,48,null,설입
1647,서울특별시,관악구,은천로25길,27,null,설입
1648,서울특별시,서대문구,연세로11길,12,null,신촌
1649,서울특별시,관악구,봉천로,461,null,설입
1650,서울특별시,관악구,남부순환로,1748-2,null,설입
1651,서울특별시,관악구,봉천로,520-1,null,설입
1652,서울특별시,관악구,낙성대로,12,null,설입
1653,서울특별시,관악구,봉천로,368,null,설입
1654,서울특별시,관악구,봉천로,401-1,null,설입
1655,서울특별시,관악구,은천로,117,null,설입
1656,서울특별시,서대문구,연세로,9-5,null,신촌
1657,서울특별시,서대문구,연세로11길,35,null,신촌
1658,서울특별시,관악구,쑥고개로,94,null,설입
1659,서울특별시,관악구,관악로11길,17,null,설입
1660,서울특별시,서대문구,연세로12길,27,null,신촌
1661,서울특별시,관악구,관악로14길,35,null,설입
1662,서울특별시,관악구,봉천로,456,null,설입
1663,서울특별시,동작구,국사봉길,74,null,숭입
1664,서울특별시,관악구,관악로,268,null,설입
1665,서울특별시,서대문구,연세로7안길,50,null,신촌
1666,서울특별시,동작구,상도로60길,6,null,숭입
1667,서울특별시,서대문구,연세로7안길,7,null,신촌
1668,서울특별시,서대문구,명물길,46-5,null,신촌
1669,서울특별시,서대문구,신촌로,83,2층,신촌
1670,서울특별시,관악구,인헌3길,6,null,설입
1671,서울특별시,관악구,봉천로,382,null,설입
1672,서울특별시,서대문구,연세로5나길,30-16,null,신촌
1673,서울특별시,동작구,상도로30길,39,null,숭입
1674,서울특별시,관악구,관악로17길,32,null,설입
1675,서울특별시,서대문구,연세로,8-1,B3층,신촌
1676,서울특별시,관악구,청룡길,6,null,설입
1677,서울특별시,동작구,상도로,242,null,숭입
1678,서울특별시,관악구,인헌길,6,null,설입
1679,서울특별시,관악구,남부순환로,1875,null,설입
1680,서울특별시,서대문구,연세로9길,31,null,신촌
1681,서울특별시,동작구,상도로62길,29,null,숭입
1682,서울특별시,동작구,사당로,20,null,숭입
1683,서울특별시,서대문구,연세로5나길,24,null,신촌
1684,서울특별시,관악구,봉천로,465,null,설입
1685,서울특별시,서대문구,연세로7안길,51,null,신촌
1686,서울특별시,동작구,만양로,26,null,숭입
1687,서울특별시,관악구,낙성대로,32,null,설입
1688,서울특별시,동작구,상도로15길,104,null,숭입
1689,서울특별시,관악구,은천로,35,null,설입
1690,서울특별시,관악구,낙성대로,22-13,null,설입
1691,서울특별시,관악구,은천로11길,19,null,설입
1692,서울특별시,서대문구,신촌로,57,null,신촌
1693,서울특별시,관악구,봉천로,251-1,null,설입
1694,서울특별시,관악구,남부순환로226길,28,지하1층,설입
1695,서울특별시,서대문구,연세로7안길,28-5,null,신촌
1696,서울특별시,서대문구,명물길,38,null,신촌
1697,서울특별시,관악구,봉천로,485,null,설입
1698,서울특별시,관악구,관악로12길,6,null,설입
1699,서울특별시,서대문구,신촌로,125,null,신촌
1700,서울특별시,관악구,봉천로,239,null,설입
1701,서울특별시,서대문구,신촌로,21,null,신촌
1702,서울특별시,관악구,인헌6길,16,null,설입
1703,서울특별시,서대문구,성산로22길,4,null,신촌
1704,서울특별시,관악구,관악로16길,36,null,설입
1705,서울특별시,관악구,봉천로25길,4,null,설입
1706,서울특별시,서대문구,성산로22길,36,null,신촌
1707,서울특별시,동작구,상도로61길,48,null,숭입
1708,서울특별시,관악구,봉천로,395,null,설입
1709,서울특별시,동작구,상도로15길,44,null,숭입
1710,서울특별시,관악구,인헌길,50,null,설입
1711,서울특별시,관악구,장군봉1길,29,null,설입
1712,서울특별시,동작구,상도로,242,null,숭입
1713,서울특별시,관악구,봉천로7길,30,null,설입
1714,서울특별시,관악구,관악로14길,37,null,설입
1715,서울특별시,관악구,관악로,1,1-2층,설입
1716,서울특별시,서대문구,연세로9길,34-1,null,신촌
1717,서울특별시,관악구,관악로15길,23,null,설입
1718,서울특별시,관악구,봉천로,441,null,설입
1719,서울특별시,관악구,청룡길,31,null,설입
1720,서울특별시,서대문구,연세로4길,28,null,신촌
1721,서울특별시,관악구,청룡길,30,null,설입
1722,서울특별시,서대문구,연세로7길,40,null,신촌
1723,서울특별시,동작구,상도로58길,4,null,숭입
1724,서울특별시,관악구,쑥고개로,97,null,설입
1725,서울특별시,동작구,상도로,366,2층,숭입
1726,서울특별시,관악구,보라매로3길,29,null,설입
1727,서울특별시,관악구,봉천로,615,null,설입
1728,서울특별시,관악구,국회단지길,10,null,설입
1729,서울특별시,관악구,은천로6길,8,null,설입
1730,서울특별시,서대문구,연세로7안길,34-7,null,신촌
1731,서울특별시,서대문구,신촌로,9,null,신촌
1732,서울특별시,관악구,봉천로,598,null,설입
1733,서울특별시,관악구,관악로16길,38,null,설입
1734,서울특별시,동작구,상도로62길,35,null,숭입
1735,서울특별시,관악구,관악로,195,null,설입
1736,서울특별시,서대문구,연세로11길,30,null,신촌
1737,서울특별시,동작구,상도로37길,65,null,숭입
1738,서울특별시,관악구,봉천로,225,null,설입
1739,서울특별시,서대문구,연세로11길,27,null,신촌
1740,서울특별시,관악구,은천로,36,null,설입
1741,서울특별시,동작구,상도로,179,null,숭입
1742,서울특별시,관악구,낙성대로,18,null,설입
1743,서울특별시,관악구,장군봉2길,7,null,설입
1744,서울특별시,서대문구,연세로7길,21,null,신촌
1745,서울특별시,관악구,봉천로,469-1,null,설입
1746,서울특별시,관악구,은천로2길,24,null,설입
1747,서울특별시,관악구,청룡중앙길,11,null,설입
1748,서울특별시,서대문구,명물길,45-4,null,신촌
1749,서울특별시,관악구,봉천로23나길,47,null,설입
1750,서울특별시,서대문구,명물길,19,null,신촌
1751,서울특별시,관악구,남부순환로224길,13,null,설입
1752,서울특별시,관악구,남부순환로,1708,null,설입
1753,서울특별시,동작구,국사봉1길,11,null,숭입
1754,서울특별시,관악구,봉천로,356,null,설입
1755,서울특별시,관악구,은천로39길,13,null,설입
1756,서울특별시,관악구,관악로16길,25,null,설입
1757,서울특별시,관악구,봉천로,396,null,설입
1758,서울특별시,관악구,봉천로,219,null,설입
1759,서울특별시,동작구,사당로,42,null,숭입
1760,서울특별시,서대문구,연세로2길,6,null,신촌
1761,서울특별시,관악구,관악로14길,74-3,null,설입
1762,서울특별시,동작구,성대로,18,null,숭입
1763,서울특별시,관악구,봉천로,473-5,null,설입
1764,서울특별시,서대문구,연세로,35,null,신촌
1765,서울특별시,관악구,인헌2길,20,null,설입
1766,서울특별시,관악구,봉천로,560,null,설입
1767,서울특별시,관악구,관악로14길,99,null,설입
1768,서울특별시,관악구,행운1길,80,null,설입
1769,서울특별시,서대문구,명물길,18,null,신촌
1770,서울특별시,관악구,청룡1길,2,1층,설입
1771,서울특별시,관악구,남부순환로230길,39,null,설입
1772,서울특별시,관악구,봉천로,473-3,null,설입
1773,서울특별시,동작구,상도로,252,null,숭입
1774,서울특별시,서대문구,연세로12길,18,null,신촌
1775,서울특별시,동작구,성대로1길,10,null,숭입
1776,서울특별시,관악구,봉천로,310,null,설입
1777,서울특별시,관악구,행운1길,70,null,설입
1778,서울특별시,관악구,관악로14길,69,null,설입
1779,서울특별시,동작구,상도로,321,null,숭입
1780,서울특별시,관악구,은천로1길,3,1층,설입
1781,서울특별시,관악구,관악로16길,25,null,설입
1782,서울특별시,서대문구,연세로7안길,18,null,신촌
1783,서울특별시,서대문구,연세로11길,16,2층,신촌
1784,서울특별시,관악구,보라매로2길,8,null,설입
1785,서울특별시,관악구,은천로,38-1,null,설입
1786,서울특별시,관악구,청룡2길,39,null,설입
1787,서울특별시,동작구,양녕로28길,8,null,숭입
1788,서울특별시,관악구,보라매로,11,null,설입
1789,서울특별시,관악구,봉천로,401,null,설입
1790,서울특별시,서대문구,연세로9길,43,null,신촌
1791,서울특별시,동작구,성대로,75,null,숭입
1792,서울특별시,관악구,인헌길,54,null,설입
1793,서울특별시,관악구,관악로,251,null,설입
1794,서울특별시,동작구,상도로22길,10,null,숭입
1795,서울특별시,관악구,봉천로,564,1층,설입
1796,서울특별시,동작구,사당로,14,null,숭입
1797,서울특별시,동작구,양녕로26길,29,1층,숭입
1798,서울특별시,동작구,장승배기로,56,null,숭입
1799,서울특별시,관악구,남부순환로,1870,null,설입
1800,서울특별시,관악구,봉천로23나길,46,null,설입
1801,서울특별시,관악구,관악로,1,지하1층-지상1층,설입
1802,서울특별시,동작구,성대로,80,null,숭입
1803,서울특별시,서대문구,연세로5다길,10,null,신촌
1804,서울특별시,관악구,봉천로,225,null,설입
1805,서울특별시,동작구,성대로,18,null,숭입
1806,서울특별시,서대문구,연세로7안길,42,null,신촌
1807,서울특별시,서대문구,연세로5나길,10,null,신촌
1808,서울특별시,관악구,청룡4길,5,null,설입
1809,서울특별시,관악구,관악로,106,null,설입
1810,서울특별시,서대문구,성산로,402,null,신촌
1811,서울특별시,동작구,국사봉5길,24,null,숭입
1812,서울특별시,관악구,관악로15길,6,null,설입
1813,서울특별시,관악구,은천로,114,null,설입
1814,서울특별시,관악구,봉천로,594,null,설입
1815,서울특별시,관악구,행운1길,108,null,설입
1816,서울특별시,관악구,남부순환로,1881,null,설입
1817,서울특별시,관악구,관악로14길,70,null,설입
1818,서울특별시,관악구,인헌6길,29,null,설입
1819,서울특별시,서대문구,연세로5길,26,null,신촌
1820,서울특별시,관악구,보라매로,20,null,설입
1821,서울특별시,서대문구,연세로7안길,10-3,null,신촌
1822,서울특별시,관악구,관악로12길,63,1층,설입
1823,서울특별시,관악구,남부순환로,1868,null,설입
1824,서울특별시,관악구,관악로,155,null,설입
1825,서울특별시,관악구,봉천로,604,null,설입
1826,서울특별시,관악구,남부순환로,1754,null,설입
1827,서울특별시,동작구,성대로2길,12,null,숭입
1828,서울특별시,동작구,양녕로,174,1층,숭입
1829,서울특별시,관악구,낙성대로,20,2층,설입
1830,서울특별시,서대문구,연세로11길,35,null,신촌
1831,서울특별시,관악구,봉천로,465,null,설입
1832,서울특별시,관악구,청룡2길,29,null,설입
1833,서울특별시,관악구,남부순환로,1871,null,설입
1834,서울특별시,관악구,관악로14길,105,null,설입
1835,서울특별시,관악구,관악로,211,1층,설입
1836,서울특별시,관악구,청룡길,27,null,설입
1837,서울특별시,동작구,장승배기로,47,null,숭입
1838,서울특별시,관악구,국회단지2길,19,null,설입
1839,서울특별시,관악구,남부순환로,1852,null,설입
1840,서울특별시,관악구,남부순환로226길,12,null,설입
1841,서울특별시,관악구,봉천로,237-6,null,설입
1842,서울특별시,동작구,상도로61길,37,null,숭입
1843,서울특별시,관악구,청룡길,40,null,설입
1844,서울특별시,서대문구,연세로,29,null,신촌
1845,서울특별시,동작구,성대로2길,7,null,숭입
1846,서울특별시,서대문구,연세로,13,11층,신촌
1847,서울특별시,서대문구,신촌로11길,12,null,신촌
1848,서울특별시,관악구,남부순환로234길,21,null,설입
1849,서울특별시,동작구,상도로,142,null,숭입
1850,서울특별시,관악구,관악로24길,60,null,설입
1851,서울특별시,서대문구,연세로,10-1,null,신촌
1852,서울특별시,동작구,만양로,17,null,숭입
1853,서울특별시,서대문구,연세로7안길,25,null,신촌
1854,서울특별시,동작구,상도로34길,28,null,숭입
1855,서울특별시,관악구,남부순환로,1727-8,null,설입
1856,서울특별시,관악구,은천로,119,null,설입
1857,서울특별시,관악구,낙성대역길,83,null,설입
1858,서울특별시,서대문구,연세로4길,27,null,신촌
1859,서울특별시,관악구,관악로,148,null,설입
1860,서울특별시,관악구,봉천로53길,8,null,설입
1861,서울특별시,관악구,봉천로,576,null,설입
1862,서울특별시,서대문구,연세로4길,19,null,신촌
1863,서울특별시,관악구,인헌6길,15,1층,설입
1864,서울특별시,관악구,낙성대로,22,null,설입
1865,서울특별시,서대문구,연세로7안길,29,null,신촌
1866,서울특별시,관악구,남부순환로,1740,null,설입
1867,서울특별시,관악구,남부순환로,1941,null,설입
1868,서울특별시,관악구,행운1길,56,null,설입
1869,서울특별시,서대문구,신촌로,87-4,4층,신촌
1870,서울특별시,관악구,봉천로,467,null,설입
1871,서울특별시,서대문구,신촌로,83,null,신촌
1872,서울특별시,관악구,관악로,154-6,null,설입
1873,서울특별시,관악구,은천로25길,9-2,1층,설입
1874,서울특별시,서대문구,신촌로,87-4,null,신촌
1875,서울특별시,관악구,관악로14길,59,null,설입
1876,서울특별시,동작구,국사봉1길,18,null,숭입
1877,서울특별시,서대문구,연세로4길,29,null,신촌
1878,서울특별시,서대문구,명물길,4,null,신촌
1879,서울특별시,관악구,남부순환로,1679,null,설입
1880,서울특별시,서대문구,연세로4길,47,null,신촌
1881,서울특별시,동작구,상도로30길,22,null,숭입
1882,서울특별시,관악구,관악로,204,null,설입
1883,서울특별시,관악구,관악로14길,30,null,설입
1884,서울특별시,서대문구,명물길,21,null,신촌
1885,서울특별시,동작구,상도로15길,102,null,숭입
1886,서울특별시,서대문구,신촌로,15,null,신촌
1887,서울특별시,관악구,쑥고개로,80-1,null,설입
1888,서울특별시,관악구,인헌6길,21,1층,설입
1889,서울특별시,동작구,상도로61길,72,null,숭입
1890,서울특별시,서대문구,신촌로11길,7,null,신촌
1891,서울특별시,관악구,남부순환로,1810,null,설입
1892,서울특별시,서대문구,명물길,36-4,null,신촌
1893,서울특별시,관악구,남부순환로,1922,null,설입
1894,서울특별시,관악구,봉천로,459,null,설입
1895,서울특별시,서대문구,명물길,43-3,null,신촌
1896,서울특별시,관악구,봉천로,471-1,null,설입
1897,서울특별시,동작구,상도로,179,null,숭입
1898,서울특별시,서대문구,연세로7안길,34-6,null,신촌
1899,서울특별시,서대문구,연세로5길,26,null,신촌
1900,서울특별시,동작구,성대로,87,null,숭입
1901,서울특별시,동작구,상도로,368,null,숭입
1902,서울특별시,동작구,상도로22길,18,null,숭입
1903,서울특별시,동작구,상도로15길,64,null,숭입
1904,서울특별시,관악구,봉천로,572,null,설입
1905,서울특별시,서대문구,연세로9길,10-7,null,신촌
1906,서울특별시,동작구,양녕로,192,null,숭입
1907,서울특별시,서대문구,연세로7안길,10,null,신촌
1908,서울특별시,서대문구,신촌로,1,null,신촌
1909,서울특별시,관악구,인헌길,85,null,설입
1910,서울특별시,서대문구,연세로7안길,10-7,null,신촌
1911,서울특별시,동작구,상도로,136,null,숭입
1912,서울특별시,동작구,상도로15길,68,null,숭입
1913,서울특별시,관악구,장군봉1길,3,null,설입
1914,서울특별시,관악구,청림3마길,27,null,설입
1915,서울특별시,관악구,청림길,14-1,null,설입
1916,서울특별시,서대문구,연세로,35,null,신촌
1917,서울특별시,관악구,당곡6길,1,null,설입
1918,서울특별시,관악구,인헌4길,13,null,설입
1919,서울특별시,관악구,봉천로,467,null,설입
1920,서울특별시,관악구,관악로,204,null,설입
1921,서울특별시,관악구,양녕로,32-1,null,설입
1922,서울특별시,관악구,관악로12길,47,null,설입
1923,서울특별시,관악구,양녕로,19,null,설입
1924,서울특별시,서대문구,연세로7길,38,null,신촌
1925,서울특별시,관악구,보라매로,30,null,설입
1926,서울특별시,서대문구,명물길,37,null,신촌
1927,서울특별시,관악구,중앙1길,12,null,설입
1928,서울특별시,서대문구,신촌로,127,null,신촌
1929,서울특별시,관악구,청림길,7-1,null,설입
1930,서울특별시,관악구,관악로24길,80,null,설입
1931,서울특별시,동작구,성대로,46,null,숭입
1932,서울특별시,동작구,성대로,18,null,숭입
1933,서울특별시,서대문구,연세로7안길,34-4,null,신촌
1934,서울특별시,서대문구,연세로5가길,8-6,null,신촌
1935,서울특별시,서대문구,연세로7안길,22,null,신촌
1936,서울특별시,관악구,관악로14길,65,null,설입
1937,서울특별시,서대문구,연세로7길,28-8,null,신촌
1938,서울특별시,서대문구,연세로7길,22,null,신촌
1939,서울특별시,관악구,중앙1길,10,null,설입
1940,서울특별시,동작구,상도로26길,24,null,숭입
1941,서울특별시,관악구,양녕로,20-1,null,설입
1942,서울특별시,관악구,봉천로,586,null,설입
1943,서울특별시,관악구,청룡길,27,null,설입
1944,서울특별시,관악구,양녕로,39-1,null,설입
1945,서울특별시,관악구,봉천로,597,null,설입
1946,서울특별시,관악구,관악로30길,9,null,설입
1947,서울특별시,관악구,봉천로,473-5,null,설입
1948,서울특별시,관악구,남부순환로,1713-20,null,설입
1949,서울특별시,관악구,은천로23길,17,null,설입
1950,서울특별시,관악구,관악로,244,null,설입
1951,서울특별시,관악구,남부순환로,1768,null,설입
1952,서울특별시,동작구,성대로,52,null,숭입
1953,서울특별시,동작구,상도로61길,40,null,숭입
1954,서울특별시,관악구,남부순환로246길,31,null,설입
1955,서울특별시,서대문구,신촌로,61-6,null,신촌
1956,서울특별시,관악구,청룡7길,19,null,설입
1957,서울특별시,관악구,청룡2길,29,null,설입
1958,서울특별시,동작구,장승배기로10길,21,null,숭입
1959,서울특별시,관악구,보라매로,15,1층,설입
1960,서울특별시,관악구,관악로,205,null,설입
1961,서울특별시,서대문구,연세로,33,null,신촌
1962,서울특별시,관악구,관악로15길,24,null,설입
1963,서울특별시,관악구,관악로14길,70,null,설입
1964,서울특별시,동작구,상도로62길,5,null,숭입
1965,서울특별시,서대문구,연세로4길,28,null,신촌
1966,서울특별시,관악구,관악로,211,null,설입
1967,서울특별시,동작구,국사봉1길,63,null,숭입
1968,서울특별시,동작구,장승배기로,44-1,null,숭입
1969,서울특별시,관악구,관악로14길,11,null,설입
1970,서울특별시,동작구,상도로,117,null,숭입
1971,서울특별시,동작구,상도로,112,null,숭입
1972,서울특별시,관악구,남부순환로234길,28,null,설입
1973,서울특별시,동작구,상도로61길,54,null,숭입
1974,서울특별시,관악구,청룡길,9,null,설입
1975,서울특별시,관악구,보라매로3길,3,null,설입
1976,서울특별시,관악구,보라매로,34,null,설입
1977,서울특별시,관악구,봉천로,455,null,설입
1978,서울특별시,관악구,봉천로,407,null,설입
1979,서울특별시,관악구,남부순환로,1848-6,null,설입
1980,서울특별시,관악구,봉천로7길,33,null,설입
1981,서울특별시,동작구,만양로,26,1층,숭입
1982,서울특별시,관악구,관악로,185,null,설입
1983,서울특별시,서대문구,성산로22길,2-5,null,신촌
1984,서울특별시,서대문구,명물길,33,null,신촌
1985,서울특별시,관악구,남부순환로214길,41,null,설입
1986,서울특별시,관악구,봉천로,482,null,설입
1987,서울특별시,동작구,상도로37길,64,null,숭입
1988,서울특별시,관악구,은천로,32,null,설입
1989,서울특별시,관악구,남부순환로226길,9,null,설입
1990,서울특별시,관악구,관악로14길,65,null,설입
1991,서울특별시,서대문구,연세로5길,26-7,null,신촌
1992,서울특별시,관악구,남부순환로230길,31,null,설입
1993,서울특별시,관악구,관악로14길,63,null,설입
1994,서울특별시,관악구,쑥고개로,74,null,설입
1995,서울특별시,관악구,쑥고개로,55,null,설입
1996,서울특별시,동작구,상도로55길,4,null,숭입
1997,서울특별시,관악구,관악로17길,13,null,설입
1998,서울특별시,서대문구,연세로4길,26,null,신촌
1999,서울특별시,동작구,상도로,145,null,숭입
2000,서울특별시,동작구,상도로61길,34,null,숭입
2001,서울특별시,서대문구,연세로12길,10,null,신촌
2002,서울특별시,관악구,은천로39길,23,null,설입
2003,서울특별시,동작구,흑석로,27,null,숭입
2004,서울특별시,관악구,남부순환로,1714-1,null,설입
2005,서울특별시,관악구,양녕로2길,4,null,설입
2006,서울특별시,관악구,관악로14가길,6,null,설입
2007,서울특별시,관악구,관악로12길,113,1층,설입
2008,서울특별시,관악구,봉천로,444,null,설입
2009,서울특별시,동작구,상도로30길,39,null,숭입
2010,서울특별시,관악구,청룡길,6,null,설입
2011,서울특별시,관악구,낙성대로,11,null,설입
2012,서울특별시,관악구,청림길,10-1,null,설입
2013,서울특별시,관악구,관악로16길,35,null,설입
2014,서울특별시,관악구,인헌6길,16,null,설입
2015,서울특별시,서대문구,연세로7안길,30,null,신촌
2016,서울특별시,관악구,봉천로29길,5,null,설입
2017,서울특별시,관악구,쑥고개로,89,null,설입
2018,서울특별시,서대문구,연세로11길,22,null,신촌
2019,서울특별시,관악구,양녕로,35-1,null,설입
2020,서울특별시,관악구,봉천로,335,null,설입
2021,서울특별시,서대문구,연세로9길,32,null,신촌
2022,서울특별시,관악구,남부순환로230길,18,null,설입
2023,서울특별시,관악구,쑥고개로,68-1,null,설입
2024,서울특별시,관악구,관악로24길,77,null,설입
2025,서울특별시,관악구,남부순환로226길,42,1층,설입
2026,서울특별시,서대문구,연세로5길,28,null,신촌
2027,서울특별시,동작구,상도로,177-1,null,숭입
2028,서울특별시,동작구,성대로1길,17-2,null,숭입
2029,서울특별시,관악구,행운1길,24,null,설입
2030,서울특별시,동작구,국사봉1길,45,null,숭입
2031,서울특별시,관악구,봉천로,485-1,null,설입
2032,서울특별시,관악구,남부순환로230길,9,null,설입
2033,서울특별시,관악구,장군봉1길,34,null,설입
2034,서울특별시,관악구,청룡길,10,null,설입
2035,서울특별시,관악구,봉천로,356,null,설입
2036,서울특별시,관악구,관악로,153,2층,설입
2037,서울특별시,관악구,남부순환로,1758,null,설입
2038,서울특별시,서대문구,연세로5다길,8,null,신촌
2039,서울특별시,관악구,봉천로,600-1,null,설입
2040,서울특별시,동작구,상도로61길,35,null,숭입
2041,서울특별시,동작구,성대로,80,null,숭입
2042,서울특별시,동작구,상도로22길,25,null,숭입
2043,서울특별시,동작구,상도로52길,28,null,숭입
2044,서울특별시,관악구,당곡길,6,null,설입
2045,서울특별시,관악구,관악로14길,31,null,설입
2046,서울특별시,관악구,남부순환로,1904,null,설입
2047,서울특별시,관악구,남부순환로,1677,null,설입
2048,서울특별시,관악구,낙성대역길,96,null,설입
2049,서울특별시,관악구,관악로,154-6,null,설입
2050,서울특별시,동작구,상도로,124,null,숭입
2051,서울특별시,서대문구,연세로7길,32,null,신촌
2052,서울특별시,동작구,상도로24길,39,null,숭입
2053,서울특별시,관악구,보라매로,7,null,설입
2054,서울특별시,관악구,남부순환로,1739,null,설입
2055,서울특별시,관악구,남부순환로,1895,null,설입
2056,서울특별시,관악구,남부순환로,1677,null,설입
2057,서울특별시,관악구,봉천로,378,null,설입
2058,서울특별시,관악구,은천로6길,15,null,설입
2059,서울특별시,서대문구,신촌로,129,null,신촌
2060,서울특별시,관악구,은천로,166,null,설입
2061,서울특별시,관악구,봉천로,213-20,null,설입
2062,서울특별시,관악구,남부순환로,1909,null,설입
2063,서울특별시,서대문구,연세로7길,17,null,신촌
2064,서울특별시,서대문구,연세로4길,42-3,null,신촌
2065,서울특별시,관악구,봉천로23나길,52,null,설입
2066,서울특별시,서대문구,신촌로3길,9,null,신촌
2067,서울특별시,관악구,보라매로,15-4,null,설입
2068,서울특별시,관악구,관악로,274,null,설입
2069,서울특별시,동작구,양녕로,191,null,숭입
2070,서울특별시,동작구,상도로26길,18,null,숭입
2071,서울특별시,서대문구,연세로5나길,14,2층,신촌
2072,서울특별시,관악구,관악로,206,null,설입
2073,서울특별시,동작구,양녕로30길,4,null,숭입
2074,서울특별시,동작구,양녕로27길,6,null,숭입
2075,서울특별시,관악구,남부순환로,1916,null,설입
2076,서울특별시,관악구,봉천로,609,null,설입
2077,서울특별시,관악구,낙성대로,14,null,설입
2078,서울특별시,서대문구,신촌로,55,null,신촌
2079,서울특별시,서대문구,연세로11길,13,null,신촌
2080,서울특별시,서대문구,명물길,16,null,신촌
2081,서울특별시,관악구,봉천로,310,null,설입
2082,서울특별시,관악구,관악로,237,null,설입
2083,서울특별시,서대문구,연세로7안길,34-4,null,신촌
2084,서울특별시,동작구,국사봉1길,58,null,숭입
2085,서울특별시,동작구,상도로,129,null,숭입
2086,서울특별시,관악구,양녕로,13,null,설입
2087,서울특별시,서대문구,연세로9길,10-5,null,신촌
2088,서울특별시,관악구,행운1길,33,null,설입
2089,서울특별시,관악구,관악로,116,null,설입
2090,서울특별시,서대문구,연세로5가길,1,null,신촌
2091,서울특별시,서대문구,신촌로,125,null,신촌
2092,서울특별시,관악구,관악로,231,null,설입
2093,서울특별시,관악구,행운1길,15,null,설입
2094,서울특별시,관악구,양녕로,23,null,설입
2095,서울특별시,관악구,봉천로,456,null,설입
2096,서울특별시,관악구,남부순환로,1917,null,설입
2097,서울특별시,관악구,은천로,153,null,설입
2098,서울특별시,관악구,장군봉1길,56,지하1층,설입
2099,서울특별시,서대문구,연세로7길,25,null,신촌
2100,서울특별시,서대문구,연세로5가길,31,null,신촌
2101,서울특별시,관악구,관악로14길,11,null,설입
2102,서울특별시,서대문구,연세로11길,22,null,신촌
2103,서울특별시,관악구,관악로14길,15,null,설입
2104,서울특별시,관악구,보라매로,8,null,설입
2105,서울특별시,관악구,은천로5길,7,null,설입
2106,서울특별시,동작구,양녕로,187,null,숭입
2107,서울특별시,관악구,관악로12길,23,null,설입
2108,서울특별시,관악구,중앙길,7,null,설입
2109,서울특별시,서대문구,신촌로,83,null,신촌
2110,서울특별시,동작구,상도로,339-1,null,숭입
2111,서울특별시,동작구,성대로2길,5-5,null,숭입
2112,서울특별시,관악구,청룡10길,2,null,설입
2113,서울특별시,관악구,봉천로62길,5,지하1층,설입
2114,서울특별시,관악구,낙성대로,22-14,null,설입
2115,서울특별시,동작구,상도로61길,38,null,숭입
2116,서울특별시,관악구,당곡6길,12,null,설입
2117,서울특별시,서대문구,신촌로,55,null,신촌
2118,서울특별시,관악구,양녕로,63,null,설입
2119,서울특별시,관악구,봉천로,484,null,설입
2120,서울특별시,관악구,장군봉1길,56,제1층,설입
2121,서울특별시,관악구,남부순환로,1891,null,설입
2122,서울특별시,서대문구,연세로7안길,35,null,신촌
2123,서울특별시,동작구,국사봉1길,31,null,숭입
2124,서울특별시,동작구,상도로47길,4,null,숭입
2125,서울특별시,관악구,남부순환로234길,22,null,설입
2126,서울특별시,관악구,남부순환로,1849,null,설입
2127,서울특별시,관악구,은천로,34,null,설입
2128,서울특별시,관악구,봉천로,606,null,설입
2129,서울특별시,관악구,낙성대역3길,27,null,설입
2130,서울특별시,동작구,상도로61길,26,null,숭입
2131,서울특별시,관악구,남부순환로230길,25,null,설입
2132,서울특별시,서대문구,연세로7안길,13,null,신촌
2133,서울특별시,관악구,솔밭로,17,null,설입
2134,서울특별시,동작구,상도로37길,60,null,숭입
2135,서울특별시,동작구,상도로19길,47-4,null,숭입
2136,서울특별시,관악구,봉천로,518-4,null,설입
2137,서울특별시,관악구,남부순환로230길,11,1층,설입
2138,서울특별시,서대문구,연세로7안길,32,null,신촌
2139,서울특별시,서대문구,신촌역로,39,null,신촌
2140,서울특별시,서대문구,연세로5다길,12,null,신촌
2141,서울특별시,관악구,쑥고개로,57,null,설입
2142,서울특별시,관악구,봉천로,472,null,설입
2143,서울특별시,관악구,봉천로,334,null,설입
2144,서울특별시,동작구,장승배기로10길,43,null,숭입
2145,서울특별시,서대문구,연세로11길,21,null,신촌
2146,서울특별시,관악구,봉천로,492,null,설입
2147,서울특별시,동작구,성대로,23,1층,숭입
2148,서울특별시,관악구,남부순환로,1864,null,설입
2149,서울특별시,관악구,남부순환로233길,7,null,설입
2150,서울특별시,관악구,은천로9길,14,null,설입
2151,서울특별시,관악구,남부순환로248길,38,null,설입
2152,서울특별시,관악구,봉천로,493,null,설입
2153,서울특별시,서대문구,연세로7안길,41,null,신촌
2154,서울특별시,관악구,봉천로,388,null,설입
2155,서울특별시,관악구,남부순환로,1725,null,설입
2156,서울특별시,관악구,양녕로,14,null,설입
2157,서울특별시,관악구,남부순환로,1685,null,설입
2158,서울특별시,동작구,상도로15길,134,null,숭입
2159,서울특별시,서대문구,연세로4길,29,null,신촌
2160,서울특별시,동작구,국사봉1길,95,null,숭입
2161,서울특별시,관악구,은천로1길,5-4,null,설입
2162,서울특별시,동작구,상도로61길,32,null,숭입
2163,서울특별시,관악구,청림6길,3,지하1층,설입
2164,서울특별시,관악구,은천로24길,1,null,설입
2165,서울특별시,동작구,상도로,133,null,숭입
2166,서울특별시,서대문구,연세로5다길,16,null,신촌
2167,서울특별시,관악구,봉천로,425,1층,설입
2168,서울특별시,관악구,봉천로,227,제1층,설입
2169,서울특별시,관악구,관악로28길,32,null,설입
2170,서울특별시,동작구,상도로,351,null,숭입
2171,서울특별시,관악구,관악로12길,30,null,설입
2172,서울특별시,서대문구,신촌로11길,35,null,신촌
2173,서울특별시,서대문구,명물길,26,null,신촌
2174,서울특별시,관악구,관악로14길,46,null,설입
2175,서울특별시,관악구,관악로24길,14,지하1층,설입
2176,서울특별시,관악구,봉천로,522-1,null,설입
2177,서울특별시,관악구,양녕로,46,2층,설입
2178,서울특별시,동작구,상도로,130,null,숭입
2179,서울특별시,관악구,관악로14길,67,null,설입
2180,서울특별시,관악구,관악로12길,6,null,설입
2181,서울특별시,관악구,쑥고개로,78,null,설입
2182,서울특별시,관악구,보라매로,16,null,설입
2183,서울특별시,관악구,관악로14길,70,null,설입
2184,서울특별시,관악구,관악로14나길,10,null,설입
2185,서울특별시,관악구,보라매로3길,8,null,설입
2186,서울특별시,동작구,상도로61가길,2,null,숭입
2187,서울특별시,관악구,중앙길,43,null,설입
2188,서울특별시,관악구,당곡2길,60,null,설입
2189,서울특별시,관악구,청룡길,9,null,설입
2190,서울특별시,관악구,봉천로,600-1,2층,설입
2191,서울특별시,관악구,남부순환로230길,60,null,설입
2192,서울특별시,관악구,은천로39길,19,null,설입
2193,서울특별시,관악구,봉천로,473,null,설입
2194,서울특별시,서대문구,연세로5나길,14,1층,신촌
2195,서울특별시,관악구,봉천로,287-1,null,설입
2196,서울특별시,관악구,남부순환로230길,8,null,설입
2197,서울특별시,동작구,상도로,385,null,숭입
2198,서울특별시,서대문구,신촌로,73,null,신촌
2199,서울특별시,관악구,관악로,146,null,설입
2200,서울특별시,관악구,은천로,124,null,설입
2201,서울특별시,관악구,남부순환로,1827,null,설입
2202,서울특별시,관악구,남부순환로230길,14,null,설입
2203,서울특별시,관악구,남부순환로,1746-1,null,설입
2204,서울특별시,관악구,관악로24길,14,지하1층,설입
2205,서울특별시,관악구,봉천로53길,7,null,설입
2206,서울특별시,관악구,관악로12길,30,null,설입
2207,서울특별시,서대문구,연세로7안길,35,null,신촌
2208,서울특별시,관악구,청룡1길,16,null,설입
2209,서울특별시,관악구,봉천로,612,null,설입
2210,서울특별시,관악구,낙성대로4가길,12,null,설입
2211,서울특별시,관악구,보라매로,53,null,설입
2212,서울특별시,서대문구,신촌로,123,null,신촌
2213,서울특별시,관악구,남부순환로,1929-9,null,설입
2214,서울특별시,동작구,성대로1길,1,null,숭입
2215,서울특별시,관악구,장군봉1길,48,null,설입
2216,서울특별시,관악구,남부순환로,1677-20,null,설입
2217,서울특별시,관악구,관악로12길,3-14,null,설입
2218,서울특별시,서대문구,연세로4길,1,null,신촌
2219,서울특별시,서대문구,연세로11길,8,null,신촌
2220,서울특별시,관악구,양녕로,40-1,null,설입
2221,서울특별시,관악구,봉천로,335,지하1층,설입
2222,서울특별시,서대문구,명물길,6,null,신촌
2223,서울특별시,관악구,봉천로,473-9,null,설입
2224,서울특별시,관악구,관악로14길,77,null,설입
2225,서울특별시,관악구,남부순환로,1929-16,null,설입
2226,서울특별시,서대문구,연세로12길,22,지하중층,신촌
2227,서울특별시,관악구,양녕로,16,null,설입
2228,서울특별시,관악구,봉천로47길,4,null,설입
2229,서울특별시,서대문구,연세로5다길,22-4,null,신촌
2230,서울특별시,서대문구,신촌로,39,null,신촌
2231,서울특별시,관악구,보라매로,4,null,설입
2232,서울특별시,관악구,관악로29길,5,null,설입
2233,서울특별시,관악구,남부순환로,1711,null,설입
2234,서울특별시,서대문구,연세로,18,null,신촌
2235,서울특별시,관악구,관악로,230,null,설입
2236,서울특별시,관악구,봉천로,441,null,설입
2237,서울특별시,관악구,청림길,4-1,null,설입
2238,서울특별시,관악구,봉천로,600,null,설입
2239,서울특별시,관악구,은천로,31,null,설입
2240,서울특별시,관악구,관악로16길,42,null,설입
2241,서울특별시,관악구,남부순환로,1869-6,null,설입
2242,서울특별시,서대문구,연세로11길,27,null,신촌
2243,서울특별시,관악구,쑥고개로,61,1층,설입
2244,서울특별시,서대문구,연세로7길,26,null,신촌
2245,서울특별시,서대문구,연세로11길,21,null,신촌
2246,서울특별시,서대문구,신촌로11길,57,null,신촌
2247,서울특별시,동작구,사당로,42,null,숭입
2248,서울특별시,서대문구,연세로11길,32,null,신촌
2249,서울특별시,관악구,관악로,136,1층,설입
2250,서울특별시,관악구,관악로,154-5,null,설입
2251,서울특별시,동작구,상도로15길,131,제지1층,숭입
2252,서울특별시,동작구,상도로37길,63,1층,숭입
2253,서울특별시,관악구,관악로14길,70,null,설입
2254,서울특별시,서대문구,연세로7안길,14,null,신촌
2255,서울특별시,관악구,관악로16길,38,null,설입
2256,서울특별시,관악구,봉천로,516,null,설입
2257,서울특별시,관악구,양녕로,23,null,설입
2258,서울특별시,관악구,관악로14길,103,null,설입
2259,서울특별시,관악구,장군봉2길,32,null,설입
2260,서울특별시,관악구,관악로14길,10,2층,설입
2261,서울특별시,동작구,양녕로26길,16,null,숭입
2262,서울특별시,관악구,보라매로,18,null,설입
2263,서울특별시,관악구,쑥고개로,84,null,설입
2264,서울특별시,관악구,남부순환로,1888,1층,설입
2265,서울특별시,서대문구,명물길,32,null,신촌
2266,서울특별시,관악구,관악로28길,12-3,null,설입
2267,서울특별시,관악구,관악로,211,null,설입
2268,서울특별시,관악구,관악로,208,null,설입
2269,서울특별시,관악구,남부순환로234길,31,null,설입
2270,서울특별시,관악구,남부순환로230길,48,null,설입
2271,서울특별시,관악구,은천로,28,1층,설입
2272,서울특별시,서대문구,연세로7길,13,null,신촌
2273,서울특별시,관악구,관악로14길,22,null,설입
2274,서울특별시,서대문구,연세로7길,27,null,신촌
2275,서울특별시,서대문구,명물길,4,null,신촌
2276,서울특별시,관악구,장군봉2길,16,null,설입
2277,서울특별시,관악구,양녕로,41-1,null,설입
2278,서울특별시,관악구,당곡길,22,null,설입
2279,서울특별시,동작구,상도로61길,21,null,숭입
2280,서울특별시,관악구,청룡2길,29,null,설입
2281,서울특별시,관악구,봉천로,484,null,설입
2282,서울특별시,서대문구,연세로12길,27,null,신촌
2283,서울특별시,동작구,국사봉1길,18,null,숭입
2284,서울특별시,관악구,청룡1길,19,null,설입
2285,서울특별시,동작구,양녕로26길,22,null,숭입
2286,서울특별시,동작구,성대로29길,117,null,숭입
2287,서울특별시,동작구,상도로30길,2,null,숭입
2288,서울특별시,관악구,중앙길,77,null,설입
2289,서울특별시,동작구,성대로,180,null,숭입
2290,서울특별시,관악구,관악로14길,22,null,설입
