id,name,isSoup,isSpicy,isSweet,isHot,isMeat,isNoodle,isRice,isBread
1,순대국밥,TRUE,FALSE,FALSE,TRUE,TRUE,FALSE,TRUE,FALSE
2,한돈목살(150g),FALSE,FALSE,FALSE,TRUE,TRUE,FALSE,FALSE,FALSE
3,곱창 (2인분),FALSE,FALSE,FALSE,TRUE,TRUE,FALSE,FALSE,FALSE
4,수육 (1인분),FALSE,FALSE,FALSE,TRUE,TRUE,FALSE,FALSE,FALSE
5,HOT 크리스피 베이크,FALSE,TRUE,FALSE,TRUE,FALSE,FALSE,FALSE,FALSE
6,무한차돌부채살말이 (1인),FALSE,FALSE,FALSE,TRUE,TRUE,FALSE,FALSE,FALSE
7,평양냉면,TRUE,FALSE,FALSE,FALSE,FALSE,TRUE,FALSE,FALSE
8,순살 치킨 (소),FALSE,FALSE,FALSE,TRUE,TRUE,FALSE,FALSE,FALSE
9,소고기 쌀국수,TRUE,FALSE,FALSE,TRUE,TRUE,TRUE,FALSE,FALSE
10,"추천
누룽지 닭한마리",FALSE,FALSE,FALSE,TRUE,TRUE,FALSE,FALSE,FALSE
11,우동,TRUE,FALSE,FALSE,TRUE,FALSE,TRUE,FALSE,FALSE
12,굴비백반,FALSE,FALSE,FALSE,FALSE,FALSE,FALSE,TRUE,FALSE
13,풍천민물장어(1인분),FALSE,FALSE,FALSE,FALSE,FALSE,FALSE,FALSE,FALSE
14,단호박크림파스타,FALSE,FALSE,TRUE,TRUE,FALSE,TRUE,FALSE,FALSE
15,단뽀뽀 오므라이스,FALSE,FALSE,FALSE,FALSE,FALSE,FALSE,TRUE,FALSE
16,바닐라 까눌레,FALSE,FALSE,TRUE,FALSE,FALSE,FALSE,FALSE,FALSE
17,앞다리살한마리(2~3인이상),FALSE,FALSE,FALSE,TRUE,TRUE,FALSE,FALSE,FALSE
18,닭강정 (특대) +콜라 (대),FALSE,FALSE,FALSE,TRUE,TRUE,FALSE,FALSE,FALSE
19,부채살 찹스테이크,FALSE,FALSE,FALSE,TRUE,TRUE,FALSE,FALSE,FALSE
20,모듬사시미,FALSE,FALSE,FALSE,FALSE,TRUE,FALSE,FALSE,FALSE
21,광어숙성회(중),FALSE,FALSE,FALSE,TRUE,TRUE,FALSE,FALSE,FALSE
22,육회모듬,FALSE,FALSE,FALSE,FALSE,TRUE,FALSE,FALSE,FALSE
23,시래기 코다리찜(소소),FALSE,FALSE,FALSE,FALSE,FALSE,FALSE,FALSE,FALSE
24,설맥치킨,FALSE,FALSE,FALSE,TRUE,TRUE,FALSE,FALSE,FALSE
25,생삼겹살 (180g),FALSE,FALSE,FALSE,TRUE,TRUE,FALSE,FALSE,FALSE
26,곤드레밥,FALSE,FALSE,FALSE,FALSE,FALSE,FALSE,TRUE,FALSE
27,선봉관 곰탕(보통),TRUE,FALSE,FALSE,TRUE,FALSE,FALSE,TRUE,FALSE
28,광어초밥 (10ps),FALSE,FALSE,FALSE,TRUE,TRUE,FALSE,TRUE,FALSE
29,숯불 소금막창(1인분),FALSE,FALSE,FALSE,TRUE,TRUE,FALSE,FALSE,FALSE
30,삼겹숙주볶음,FALSE,FALSE,FALSE,TRUE,TRUE,FALSE,FALSE,FALSE
31,대구막창(150g),FALSE,FALSE,FALSE,TRUE,TRUE,FALSE,FALSE,FALSE
32,조기매운탕,TRUE,TRUE,FALSE,TRUE,FALSE,FALSE,FALSE,FALSE
33,광어회,FALSE,FALSE,FALSE,TRUE,TRUE,FALSE,FALSE,FALSE
34,옛날돈까스,FALSE,FALSE,FALSE,TRUE,TRUE,FALSE,FALSE,FALSE
35,메뉴판1,FALSE,FALSE,FALSE,FALSE,FALSE,FALSE,FALSE,FALSE
36,"추천
프레임커피 No.1",FALSE,FALSE,FALSE,FALSE,FALSE,FALSE,FALSE,FALSE
37,옛날통닭(1마리),FALSE,FALSE,FALSE,TRUE,TRUE,FALSE,FALSE,FALSE
38,황도,FALSE,FALSE,TRUE,FALSE,FALSE,FALSE,FALSE,FALSE
39,활어회(소),FALSE,FALSE,FALSE,FALSE,FALSE,FALSE,FALSE,FALSE
40,보성녹돈삼겹살,FALSE,FALSE,FALSE,TRUE,TRUE,FALSE,FALSE,FALSE
41,민물장어 큰것 (2마리),FALSE,FALSE,FALSE,FALSE,FALSE,FALSE,FALSE,FALSE
42,쉐프추천초밥 (12pcs),FALSE,FALSE,FALSE,FALSE,FALSE,FALSE,TRUE,FALSE
43,열탄불고기,FALSE,FALSE,FALSE,TRUE,TRUE,FALSE,FALSE,FALSE
44,산낙지철판,FALSE,FALSE,FALSE,TRUE,FALSE,FALSE,FALSE,FALSE
45,잠봉뵈르,FALSE,FALSE,FALSE,FALSE,FALSE,FALSE,FALSE,FALSE
46,베이컨과 카라멜 양파토마토소스 스파게티,FALSE,FALSE,FALSE,TRUE,TRUE,FALSE,FALSE,FALSE
47,돌솥밥 추어탕,TRUE,TRUE,FALSE,TRUE,FALSE,FALSE,TRUE,FALSE
48,엄청 큰 후라이드 치킨,FALSE,FALSE,FALSE,TRUE,TRUE,FALSE,FALSE,FALSE
49,수제 베이컨 시저 샐러드,FALSE,FALSE,FALSE,TRUE,TRUE,FALSE,FALSE,FALSE
50,퀸즈팩,FALSE,FALSE,FALSE,FALSE,FALSE,FALSE,FALSE,FALSE
51,짜장면,FALSE,FALSE,FALSE,TRUE,FALSE,FALSE,FALSE,FALSE
52,레몬 마들렌,FALSE,FALSE,FALSE,FALSE,FALSE,FALSE,FALSE,FALSE
53,육회,FALSE,FALSE,FALSE,FALSE,TRUE,FALSE,FALSE,FALSE
54,교촌허니순살[R],FALSE,FALSE,TRUE,TRUE,TRUE,FALSE,FALSE,FALSE
55,GELATO (꼬노),FALSE,FALSE,FALSE,FALSE,FALSE,FALSE,FALSE,FALSE
56,오늘라면,TRUE,TRUE,FALSE,TRUE,FALSE,TRUE,FALSE,FALSE
57,시저샐러드,FALSE,FALSE,FALSE,FALSE,FALSE,FALSE,FALSE,FALSE
58,1인 보쌈,FALSE,FALSE,FALSE,FALSE,TRUE,FALSE,FALSE,FALSE
59,똥집 오일 파스타,FALSE,FALSE,FALSE,TRUE,TRUE,TRUE,FALSE,FALSE
60,초당순두부,FALSE,FALSE,FALSE,FALSE,FALSE,FALSE,FALSE,FALSE
61,"추천
[매장] 부대찌개 1인분",TRUE,TRUE,FALSE,TRUE,FALSE,FALSE,TRUE,FALSE
62,강남샤브샤브,TRUE,FALSE,FALSE,TRUE,TRUE,FALSE,FALSE,FALSE
63,군만두,FALSE,FALSE,FALSE,TRUE,FALSE,FALSE,FALSE,FALSE
64,한우육회,TRUE,FALSE,FALSE,TRUE,TRUE,FALSE,FALSE,FALSE
65,닭백숙,FALSE,FALSE,FALSE,TRUE,TRUE,FALSE,FALSE,FALSE
66,물갈비,FALSE,FALSE,FALSE,TRUE,TRUE,FALSE,FALSE,FALSE
67,춘천닭갈비 (1인분),FALSE,TRUE,FALSE,TRUE,TRUE,FALSE,FALSE,FALSE
68,전주콩나물해장국,TRUE,TRUE,FALSE,TRUE,TRUE,FALSE,TRUE,FALSE
69,노가리(2마리),FALSE,FALSE,FALSE,FALSE,FALSE,FALSE,FALSE,FALSE
70,보보맘밥상 (여름) (1인),FALSE,FALSE,FALSE,FALSE,FALSE,FALSE,TRUE,FALSE
71,아구찜 (소),TRUE,TRUE,FALSE,TRUE,FALSE,FALSE,FALSE,FALSE
72,반반족발 (중),FALSE,FALSE,FALSE,FALSE,TRUE,FALSE,FALSE,FALSE
73,클래식 치즈 피자,FALSE,FALSE,FALSE,TRUE,FALSE,FALSE,FALSE,TRUE
74,생삼겹갈비,FALSE,FALSE,FALSE,TRUE,TRUE,FALSE,FALSE,FALSE
75,숯불 흑돼지 퐁듀,FALSE,FALSE,FALSE,TRUE,TRUE,FALSE,FALSE,FALSE
76,국물밀떡,TRUE,FALSE,FALSE,FALSE,FALSE,FALSE,FALSE,FALSE
77,감자튀김,FALSE,FALSE,FALSE,TRUE,FALSE,FALSE,FALSE,FALSE
78,곱창구이 (2인),FALSE,FALSE,FALSE,TRUE,TRUE,FALSE,FALSE,FALSE
79,혼마구로초밥,FALSE,FALSE,FALSE,FALSE,FALSE,FALSE,TRUE,FALSE
80,깐풍 가지튀김,FALSE,FALSE,FALSE,TRUE,FALSE,FALSE,FALSE,FALSE
81,육회(중),FALSE,FALSE,FALSE,FALSE,TRUE,FALSE,FALSE,FALSE
82,골드 치킨 텐더 피자,FALSE,FALSE,FALSE,TRUE,TRUE,FALSE,FALSE,TRUE
83,new 깐쇼새우(7미)+짜장1,FALSE,FALSE,FALSE,TRUE,FALSE,FALSE,FALSE,FALSE
84,삼겹살 (150g),FALSE,FALSE,FALSE,TRUE,TRUE,FALSE,FALSE,FALSE
85,김치찌개(보통),TRUE,TRUE,FALSE,TRUE,FALSE,FALSE,TRUE,FALSE
86,레몬간장연어덮밥,FALSE,FALSE,FALSE,FALSE,FALSE,FALSE,TRUE,FALSE
87,보달라,FALSE,FALSE,FALSE,FALSE,FALSE,FALSE,FALSE,FALSE
88,백순대곱창 볶음 2인,FALSE,TRUE,FALSE,TRUE,TRUE,FALSE,FALSE,FALSE
89,1+한우채끝 (150g),FALSE,FALSE,FALSE,TRUE,TRUE,FALSE,FALSE,FALSE
90,삼족찜(1인분),FALSE,FALSE,FALSE,FALSE,FALSE,FALSE,FALSE,FALSE
91,생제주오겹살(300g),FALSE,FALSE,FALSE,TRUE,TRUE,FALSE,FALSE,FALSE
92,특양 (200g),FALSE,FALSE,FALSE,FALSE,FALSE,FALSE,FALSE,FALSE
93,크림양송이 스파게티,FALSE,FALSE,TRUE,FALSE,FALSE,FALSE,FALSE,FALSE
94,싱글,FALSE,FALSE,FALSE,FALSE,FALSE,FALSE,FALSE,FALSE
95,아귀포(2마리),FALSE,FALSE,FALSE,FALSE,FALSE,FALSE,FALSE,FALSE
96,모듬 오뎅,TRUE,FALSE,FALSE,TRUE,FALSE,FALSE,FALSE,FALSE
97,"추천
마차이짬뽕",TRUE,TRUE,FALSE,TRUE,FALSE,TRUE,FALSE,FALSE
98,노미호다이-무한리필(1인당),FALSE,FALSE,FALSE,FALSE,FALSE,FALSE,FALSE,FALSE
99,마라룽샤 (소),FALSE,TRUE,FALSE,FALSE,FALSE,FALSE,FALSE,FALSE
100,감자탕 (대),TRUE,TRUE,FALSE,TRUE,TRUE,FALSE,FALSE,FALSE
101,생삼겹살(200g),FALSE,FALSE,FALSE,TRUE,TRUE,FALSE,FALSE,FALSE
102,생과일 샐러드,FALSE,FALSE,TRUE,FALSE,FALSE,FALSE,FALSE,FALSE
103,9온즈 버거,FALSE,FALSE,FALSE,FALSE,TRUE,FALSE,FALSE,TRUE
104,제계치,FALSE,FALSE,FALSE,TRUE,TRUE,FALSE,TRUE,FALSE
105,볶음밥(1인분),FALSE,FALSE,FALSE,TRUE,FALSE,FALSE,TRUE,FALSE
106,삼백돈 돈가츠,FALSE,FALSE,FALSE,TRUE,TRUE,FALSE,FALSE,FALSE
107,와인 15종,FALSE,FALSE,FALSE,FALSE,FALSE,FALSE,FALSE,FALSE
108,크림파스타,FALSE,FALSE,TRUE,TRUE,FALSE,TRUE,FALSE,FALSE
109,치즈감자전,FALSE,FALSE,FALSE,FALSE,FALSE,FALSE,FALSE,FALSE
110,양꼬치(1인),FALSE,FALSE,FALSE,TRUE,TRUE,FALSE,FALSE,FALSE
111,한우꽃등심(200g),FALSE,FALSE,FALSE,TRUE,TRUE,FALSE,FALSE,FALSE
112,족발+보쌈 (소),FALSE,FALSE,FALSE,FALSE,TRUE,FALSE,FALSE,FALSE
113,인헌김치찌개,TRUE,TRUE,FALSE,TRUE,FALSE,FALSE,TRUE,FALSE
114,해물찜 (소),FALSE,FALSE,FALSE,FALSE,FALSE,FALSE,FALSE,FALSE
115,곱창전골,TRUE,TRUE,FALSE,TRUE,TRUE,FALSE,FALSE,FALSE
116,영구짜장,FALSE,FALSE,FALSE,TRUE,FALSE,FALSE,FALSE,FALSE
117,항정 스테이크,FALSE,FALSE,FALSE,TRUE,TRUE,FALSE,FALSE,FALSE
118,엠브로돈까스,FALSE,FALSE,FALSE,TRUE,TRUE,FALSE,FALSE,FALSE
119,직화 불막창,FALSE,FALSE,FALSE,TRUE,TRUE,FALSE,FALSE,FALSE
120,돼지갈비 (250g),FALSE,FALSE,FALSE,TRUE,TRUE,FALSE,FALSE,FALSE
121,C.연어.육회 무한 SET,FALSE,FALSE,FALSE,FALSE,TRUE,FALSE,FALSE,FALSE
122,청춘 세트(580g),FALSE,FALSE,FALSE,FALSE,FALSE,FALSE,FALSE,FALSE
123,수플레 치즈케이크와 생크림,FALSE,FALSE,TRUE,FALSE,FALSE,FALSE,FALSE,TRUE
124,대감 낙곱새,TRUE,TRUE,FALSE,TRUE,TRUE,FALSE,FALSE,FALSE
125,숯불 소금구이,FALSE,FALSE,FALSE,TRUE,TRUE,FALSE,FALSE,FALSE
126,유자향 문어 냉채,FALSE,FALSE,FALSE,FALSE,FALSE,FALSE,FALSE,FALSE
127,철판제육볶음,FALSE,FALSE,FALSE,TRUE,TRUE,FALSE,FALSE,FALSE
128,제주 흑돼지 오겹(150g),FALSE,FALSE,FALSE,TRUE,TRUE,FALSE,FALSE,FALSE
129,쭈삼겹살(1인분),FALSE,FALSE,FALSE,TRUE,TRUE,FALSE,FALSE,FALSE
130,샤워텐동,FALSE,FALSE,FALSE,TRUE,TRUE,FALSE,TRUE,FALSE
131,가래떡떡볶이,TRUE,TRUE,TRUE,TRUE,FALSE,FALSE,FALSE,FALSE
132,"추천
달빛크림라떼",FALSE,FALSE,TRUE,FALSE,FALSE,FALSE,FALSE,FALSE
133,소고기 공심채 덮밥,FALSE,FALSE,FALSE,TRUE,TRUE,FALSE,TRUE,FALSE
134,또봉이통닭,FALSE,FALSE,FALSE,TRUE,TRUE,FALSE,FALSE,FALSE
135,곱창볶음 (1인분),FALSE,FALSE,FALSE,TRUE,TRUE,FALSE,FALSE,FALSE
136,감자탕(소),TRUE,TRUE,FALSE,TRUE,TRUE,FALSE,FALSE,FALSE
137,아채곱창,FALSE,FALSE,FALSE,TRUE,TRUE,FALSE,FALSE,FALSE
138,갈치조림,TRUE,TRUE,FALSE,TRUE,FALSE,FALSE,FALSE,FALSE
139,지중해식 오징어튀김,FALSE,FALSE,FALSE,TRUE,FALSE,FALSE,FALSE,FALSE
140,야채구이,FALSE,FALSE,FALSE,FALSE,FALSE,FALSE,FALSE,FALSE
141,샐러드돈카츠,FALSE,FALSE,FALSE,TRUE,TRUE,FALSE,FALSE,FALSE
142,닭 한마리탕,FALSE,FALSE,FALSE,TRUE,TRUE,FALSE,FALSE,FALSE
143,부라타치즈,FALSE,FALSE,FALSE,FALSE,FALSE,FALSE,FALSE,FALSE
144,깐쇼새우,FALSE,FALSE,FALSE,FALSE,FALSE,FALSE,FALSE,FALSE
145,오리지날치킨,FALSE,FALSE,FALSE,TRUE,TRUE,FALSE,FALSE,FALSE
146,급냉 삼겹살(170g),FALSE,FALSE,FALSE,TRUE,TRUE,FALSE,FALSE,FALSE
147,오리주물럭(900g),FALSE,TRUE,FALSE,TRUE,TRUE,FALSE,FALSE,FALSE
148,순대곱창볶음,FALSE,TRUE,FALSE,TRUE,TRUE,FALSE,FALSE,FALSE
149,아보명란마요김밥,FALSE,FALSE,FALSE,FALSE,FALSE,FALSE,TRUE,FALSE
150,해물순두부찌개,TRUE,TRUE,FALSE,TRUE,FALSE,FALSE,TRUE,FALSE
151,순대국,TRUE,FALSE,FALSE,TRUE,TRUE,FALSE,TRUE,FALSE
152,광어회 (소),FALSE,FALSE,FALSE,TRUE,TRUE,FALSE,FALSE,FALSE
153,해물탕 (소),TRUE,TRUE,FALSE,TRUE,FALSE,FALSE,FALSE,FALSE
154,"추천
소고기타다끼",FALSE,FALSE,FALSE,TRUE,TRUE,FALSE,FALSE,FALSE
155,굴라시,FALSE,FALSE,FALSE,FALSE,FALSE,FALSE,FALSE,FALSE
156,오리지날 프린스튼 후라이드 치킨,FALSE,FALSE,FALSE,TRUE,TRUE,FALSE,FALSE,FALSE
157,부추북어국,FALSE,FALSE,FALSE,FALSE,FALSE,FALSE,FALSE,FALSE
158,싱글세트A,FALSE,FALSE,FALSE,FALSE,FALSE,FALSE,FALSE,FALSE
159,알리오 올리오 스파게티,FALSE,FALSE,FALSE,FALSE,FALSE,FALSE,FALSE,FALSE
160,흑염소탕 (100g),TRUE,FALSE,FALSE,TRUE,TRUE,FALSE,FALSE,FALSE
161,돈까스,FALSE,FALSE,FALSE,TRUE,TRUE,FALSE,FALSE,FALSE
162,해물탕(중),TRUE,TRUE,FALSE,TRUE,FALSE,FALSE,FALSE,FALSE
163,꽃새우 회(소),FALSE,FALSE,FALSE,FALSE,FALSE,FALSE,FALSE,FALSE
164,족발,FALSE,FALSE,FALSE,FALSE,TRUE,FALSE,FALSE,FALSE
165,연포정식,FALSE,FALSE,FALSE,FALSE,FALSE,FALSE,FALSE,FALSE
166,황소곱창(250g),FALSE,FALSE,FALSE,TRUE,TRUE,FALSE,FALSE,FALSE
167,감나무 점심특선,FALSE,FALSE,FALSE,FALSE,FALSE,FALSE,FALSE,FALSE
168,너트 티라노 블렌딩,FALSE,FALSE,FALSE,FALSE,FALSE,FALSE,FALSE,FALSE
169,닭매운탕,TRUE,TRUE,FALSE,TRUE,TRUE,FALSE,FALSE,FALSE
170,마가리타,FALSE,FALSE,FALSE,FALSE,FALSE,FALSE,FALSE,FALSE
171,닭떡볶이(소),TRUE,TRUE,TRUE,TRUE,TRUE,FALSE,FALSE,FALSE
172,"추천
꾸에이띠어우 느아",FALSE,FALSE,FALSE,FALSE,FALSE,FALSE,FALSE,FALSE
173,서울양념통닭,FALSE,FALSE,FALSE,TRUE,TRUE,FALSE,FALSE,FALSE
174,모듬초밥(10p),FALSE,FALSE,FALSE,FALSE,FALSE,FALSE,TRUE,FALSE
175,손칼국수,TRUE,FALSE,FALSE,TRUE,FALSE,TRUE,FALSE,FALSE
176,돼지막창,FALSE,FALSE,FALSE,TRUE,TRUE,FALSE,FALSE,FALSE
177,부대찌개무한리필(성인),TRUE,TRUE,FALSE,TRUE,FALSE,FALSE,TRUE,FALSE
178,큐브스테이크덮밥,FALSE,FALSE,FALSE,TRUE,TRUE,FALSE,TRUE,FALSE
179,1인보쌈 (S),FALSE,FALSE,FALSE,FALSE,TRUE,FALSE,FALSE,FALSE
180,특선활어회초밥(12pcs),FALSE,FALSE,FALSE,FALSE,FALSE,FALSE,TRUE,FALSE
181,1미터 무한리필,FALSE,FALSE,FALSE,FALSE,FALSE,FALSE,FALSE,FALSE
182,전통주,FALSE,FALSE,FALSE,FALSE,FALSE,FALSE,FALSE,FALSE
183,돈가스,FALSE,FALSE,FALSE,TRUE,TRUE,FALSE,FALSE,FALSE
184,알탕,TRUE,TRUE,FALSE,TRUE,FALSE,FALSE,FALSE,FALSE
185,볶음밥,FALSE,FALSE,FALSE,TRUE,FALSE,FALSE,TRUE,FALSE
186,김치찜,TRUE,TRUE,FALSE,TRUE,FALSE,FALSE,FALSE,FALSE
187,"추천
이가초밥",FALSE,FALSE,FALSE,FALSE,FALSE,FALSE,TRUE,FALSE
188,레몬에이드,FALSE,FALSE,FALSE,FALSE,FALSE,FALSE,FALSE,FALSE
189,새우튀김,FALSE,FALSE,FALSE,TRUE,FALSE,FALSE,FALSE,FALSE
190,돼지곰탕,TRUE,FALSE,FALSE,TRUE,TRUE,FALSE,TRUE,FALSE
191,타트플람베,FALSE,FALSE,FALSE,FALSE,FALSE,FALSE,FALSE,FALSE
192,대패삼겹살,FALSE,FALSE,FALSE,TRUE,TRUE,FALSE,FALSE,FALSE
193,"추천
광명종합셋트",FALSE,FALSE,FALSE,FALSE,FALSE,FALSE,FALSE,FALSE
194,"추천
달돈세트",FALSE,FALSE,FALSE,FALSE,FALSE,FALSE,FALSE,FALSE
195,뼈한마리,FALSE,FALSE,FALSE,FALSE,FALSE,FALSE,FALSE,FALSE
196,하와이언 (R),FALSE,FALSE,FALSE,FALSE,FALSE,FALSE,FALSE,FALSE
197,과일요거트,FALSE,FALSE,TRUE,FALSE,FALSE,FALSE,FALSE,FALSE
198,내장탕,TRUE,TRUE,FALSE,TRUE,FALSE,FALSE,FALSE,FALSE
199,버섯샤브매운탕,TRUE,TRUE,FALSE,TRUE,TRUE,FALSE,FALSE,FALSE
200,콜드브루,FALSE,FALSE,FALSE,FALSE,FALSE,FALSE,FALSE,FALSE
201,제육두부김치,FALSE,FALSE,FALSE,TRUE,TRUE,FALSE,FALSE,FALSE
202,연남물갈비(1인분),FALSE,FALSE,FALSE,TRUE,TRUE,FALSE,FALSE,FALSE
203,우삼겹살 쌈밥(180g),FALSE,FALSE,FALSE,TRUE,TRUE,FALSE,TRUE,FALSE
204,생삼겹살,FALSE,FALSE,FALSE,TRUE,TRUE,FALSE,FALSE,FALSE
205,연어 무한리필 (1인),FALSE,FALSE,FALSE,FALSE,FALSE,FALSE,FALSE,FALSE
206,스테이크갈비 무한리필 (1인),FALSE,FALSE,FALSE,TRUE,TRUE,FALSE,FALSE,FALSE
207,과일,FALSE,FALSE,TRUE,FALSE,FALSE,FALSE,FALSE,FALSE
208,닭다리살강정(중),FALSE,FALSE,FALSE,TRUE,TRUE,FALSE,FALSE,FALSE
209,계란말이김밥,FALSE,FALSE,FALSE,FALSE,FALSE,FALSE,TRUE,FALSE
210,고기 왕만두(5개),FALSE,FALSE,FALSE,TRUE,TRUE,FALSE,FALSE,FALSE
211,가족세트4~5인용,FALSE,FALSE,FALSE,FALSE,FALSE,FALSE,FALSE,FALSE
212,조선의 육개장,TRUE,TRUE,FALSE,TRUE,TRUE,FALSE,TRUE,FALSE
213,장미차,FALSE,FALSE,FALSE,FALSE,FALSE,FALSE,FALSE,FALSE
214,런치 오마카세,FALSE,FALSE,FALSE,FALSE,FALSE,FALSE,FALSE,FALSE
215,A set,FALSE,FALSE,FALSE,FALSE,FALSE,FALSE,FALSE,FALSE
216,오븐바사삭+티카마살라+콜라1.25L,FALSE,FALSE,FALSE,TRUE,TRUE,FALSE,FALSE,FALSE
217,국내산 특생삼겹살 (200g),FALSE,FALSE,FALSE,TRUE,TRUE,FALSE,FALSE,FALSE
218,아귀포,FALSE,FALSE,FALSE,FALSE,FALSE,FALSE,FALSE,FALSE
219,한우 (150g),FALSE,FALSE,FALSE,TRUE,TRUE,FALSE,FALSE,FALSE
220,매운쭈꾸미(1인),FALSE,TRUE,FALSE,FALSE,FALSE,FALSE,FALSE,FALSE
221,원조김밥,FALSE,FALSE,FALSE,FALSE,FALSE,FALSE,TRUE,FALSE
222,마담떡볶이,TRUE,TRUE,TRUE,TRUE,FALSE,FALSE,FALSE,FALSE
223,연인세트A,FALSE,FALSE,FALSE,FALSE,FALSE,FALSE,FALSE,FALSE
224,오인자 모듬한상세트 (3~4인),FALSE,FALSE,FALSE,FALSE,FALSE,FALSE,FALSE,FALSE
225,파절이삼겹살,FALSE,FALSE,FALSE,TRUE,TRUE,FALSE,FALSE,FALSE
226,골뱅이 + 소면,FALSE,TRUE,FALSE,FALSE,FALSE,TRUE,FALSE,FALSE
227,샤오룽바오,FALSE,FALSE,FALSE,FALSE,FALSE,FALSE,FALSE,FALSE
228,아김밥 세트 1인분,FALSE,FALSE,FALSE,FALSE,FALSE,FALSE,TRUE,FALSE
229,건강한방삼계탕,TRUE,FALSE,FALSE,TRUE,TRUE,FALSE,FALSE,FALSE
230,양아들 후라이드치킨,FALSE,FALSE,FALSE,TRUE,TRUE,FALSE,FALSE,FALSE
231,소고기국밥,TRUE,FALSE,FALSE,TRUE,TRUE,FALSE,TRUE,FALSE
232,장사장 부타동,FALSE,FALSE,FALSE,FALSE,FALSE,FALSE,FALSE,FALSE
233,본래순대국,TRUE,FALSE,FALSE,TRUE,TRUE,FALSE,TRUE,FALSE
234,굴국밥,TRUE,FALSE,FALSE,TRUE,FALSE,FALSE,TRUE,FALSE
235,바나나쥬스 (M),FALSE,FALSE,TRUE,FALSE,FALSE,FALSE,FALSE,FALSE
236,은행꼬치,FALSE,FALSE,FALSE,TRUE,TRUE,FALSE,FALSE,FALSE
237,꾸덕 로제떡볶이,TRUE,TRUE,TRUE,TRUE,FALSE,FALSE,FALSE,FALSE
238,소금구이,FALSE,FALSE,FALSE,TRUE,TRUE,FALSE,FALSE,FALSE
239,오돌뼈,FALSE,FALSE,FALSE,TRUE,TRUE,FALSE,FALSE,FALSE
240,참 조기 찌개,TRUE,TRUE,FALSE,TRUE,FALSE,FALSE,TRUE,FALSE
241,짬뽕,TRUE,TRUE,FALSE,TRUE,FALSE,TRUE,FALSE,FALSE
242,치즈크러스트피자(R),FALSE,FALSE,FALSE,TRUE,FALSE,FALSE,FALSE,TRUE
243,모듬,FALSE,FALSE,FALSE,FALSE,FALSE,FALSE,FALSE,FALSE
244,황칠 해신탕 (2인),TRUE,FALSE,FALSE,TRUE,FALSE,FALSE,FALSE,FALSE
245,두마리 같은 한마리 후라이드 치킨,FALSE,FALSE,FALSE,TRUE,TRUE,FALSE,FALSE,FALSE
246,김치두루치기 정식,FALSE,FALSE,FALSE,FALSE,FALSE,FALSE,FALSE,FALSE
247,자장면,FALSE,FALSE,FALSE,TRUE,FALSE,TRUE,FALSE,FALSE
248,온고블렌다드 no.1,FALSE,FALSE,FALSE,FALSE,FALSE,FALSE,FALSE,FALSE
249,에스프레소,TRUE,FALSE,FALSE,FALSE,FALSE,FALSE,FALSE,FALSE
250,더바삭치킨 뼈,FALSE,FALSE,FALSE,TRUE,TRUE,FALSE,FALSE,FALSE
251,치슐랭,FALSE,FALSE,FALSE,FALSE,FALSE,FALSE,FALSE,FALSE
252,얼큰 짬뽕탕,TRUE,TRUE,FALSE,TRUE,FALSE,TRUE,FALSE,FALSE
253,생삼겹살 (1인분),FALSE,FALSE,FALSE,TRUE,TRUE,FALSE,FALSE,FALSE
254,닭한마리 (중),FALSE,FALSE,FALSE,TRUE,TRUE,FALSE,FALSE,FALSE
255,햄볶음밥,FALSE,FALSE,FALSE,TRUE,FALSE,FALSE,TRUE,FALSE
256,오징어덮밥,FALSE,FALSE,FALSE,FALSE,FALSE,FALSE,TRUE,FALSE
257,로제떡볶이,TRUE,TRUE,TRUE,TRUE,FALSE,FALSE,FALSE,FALSE
258,얼쑤절쑤 불고기 크림파스타,FALSE,FALSE,TRUE,TRUE,TRUE,TRUE,FALSE,FALSE
259,송이김밥,FALSE,FALSE,FALSE,FALSE,FALSE,FALSE,TRUE,FALSE
260,소세지 플래터,FALSE,FALSE,FALSE,FALSE,FALSE,FALSE,FALSE,FALSE
261,국내산차돌박이(1인분),FALSE,FALSE,FALSE,TRUE,TRUE,FALSE,FALSE,FALSE
262,팥칼국수,TRUE,FALSE,FALSE,TRUE,FALSE,TRUE,FALSE,FALSE
263,스테이크 덮밥,FALSE,FALSE,FALSE,TRUE,TRUE,FALSE,TRUE,FALSE
264,부추전,FALSE,FALSE,FALSE,FALSE,FALSE,FALSE,FALSE,FALSE
265,돼지왕갈비(250g),FALSE,FALSE,FALSE,TRUE,TRUE,FALSE,FALSE,FALSE
266,생연어 유부,FALSE,FALSE,FALSE,FALSE,FALSE,FALSE,FALSE,FALSE
267,수프림 타코,FALSE,FALSE,FALSE,FALSE,TRUE,FALSE,FALSE,TRUE
268,바우네정식,FALSE,FALSE,FALSE,FALSE,FALSE,FALSE,FALSE,FALSE
269,꽃등심 (150g),FALSE,FALSE,FALSE,TRUE,TRUE,FALSE,FALSE,FALSE
270,모듬 (500g),FALSE,FALSE,FALSE,FALSE,FALSE,FALSE,FALSE,FALSE
271,생맥주,FALSE,FALSE,FALSE,FALSE,FALSE,FALSE,FALSE,FALSE
272,마라탕(100g),TRUE,TRUE,FALSE,TRUE,TRUE,FALSE,FALSE,FALSE
273,토코 돈코츠 라멘,TRUE,TRUE,FALSE,TRUE,FALSE,TRUE,FALSE,FALSE
274,Set A(1인),FALSE,FALSE,FALSE,FALSE,FALSE,FALSE,FALSE,FALSE
275,삼겹살구이/고기만,FALSE,FALSE,FALSE,TRUE,TRUE,FALSE,FALSE,FALSE
276,쭈꾸미 (1인분),FALSE,FALSE,FALSE,FALSE,FALSE,FALSE,FALSE,FALSE
277,서오릉콤비네이션,FALSE,FALSE,FALSE,FALSE,FALSE,FALSE,FALSE,FALSE
278,산더미 후라이드(반마리),FALSE,FALSE,FALSE,TRUE,TRUE,FALSE,FALSE,FALSE
279,아로니아찐빵 (5개),FALSE,FALSE,FALSE,TRUE,FALSE,FALSE,FALSE,TRUE
280,광어 (중간놈),FALSE,FALSE,FALSE,TRUE,TRUE,FALSE,FALSE,FALSE
281,UV Vodka (1병) + 나쵸 or 황도 + 음료 2 (토닉워터 / 사이다 / 콜라),FALSE,FALSE,TRUE,FALSE,FALSE,FALSE,FALSE,FALSE
282,코다리 조림 (소),TRUE,TRUE,FALSE,TRUE,FALSE,FALSE,FALSE,FALSE
283,생연어,FALSE,FALSE,FALSE,FALSE,FALSE,FALSE,FALSE,FALSE
284,크림라떼,FALSE,FALSE,TRUE,FALSE,FALSE,FALSE,FALSE,FALSE
285,대창 감바스,FALSE,FALSE,FALSE,FALSE,FALSE,FALSE,FALSE,FALSE
286,쥐포튀김,FALSE,FALSE,FALSE,TRUE,FALSE,FALSE,FALSE,FALSE
287,장어탕 (식사),FALSE,FALSE,FALSE,FALSE,FALSE,FALSE,FALSE,FALSE
288,평일런치 (오후 5시 이전),FALSE,FALSE,FALSE,FALSE,FALSE,FALSE,FALSE,FALSE
289,고르곤졸라피자,FALSE,FALSE,TRUE,TRUE,FALSE,FALSE,FALSE,TRUE
290,고르곤졸라꿀피자,FALSE,FALSE,TRUE,TRUE,FALSE,FALSE,FALSE,TRUE
291,얼큰모듬짬뽕,TRUE,TRUE,FALSE,TRUE,FALSE,TRUE,FALSE,FALSE
292,차돌배기,FALSE,FALSE,FALSE,TRUE,TRUE,FALSE,FALSE,FALSE
293,녹차수제돼지갈비,FALSE,FALSE,FALSE,TRUE,TRUE,FALSE,FALSE,FALSE
294,겉바속촉 두부 샐러드,FALSE,FALSE,FALSE,FALSE,FALSE,FALSE,FALSE,FALSE
295,깐족보쌈,FALSE,FALSE,FALSE,FALSE,TRUE,FALSE,FALSE,FALSE
296,참치마요꽁지,FALSE,FALSE,FALSE,FALSE,FALSE,FALSE,FALSE,FALSE
297,광어(2인),FALSE,FALSE,FALSE,TRUE,TRUE,FALSE,FALSE,FALSE
298,모듬구이(600g),FALSE,FALSE,FALSE,TRUE,TRUE,FALSE,FALSE,FALSE
299,양념수대곱창(2인분),FALSE,FALSE,FALSE,TRUE,TRUE,FALSE,FALSE,FALSE
300,막회물회,TRUE,FALSE,FALSE,FALSE,FALSE,FALSE,FALSE,FALSE
301,"추천
돼지불백",TRUE,FALSE,FALSE,TRUE,TRUE,FALSE,FALSE,FALSE
302,아구찜 (대),TRUE,TRUE,FALSE,TRUE,FALSE,FALSE,FALSE,FALSE
303,고기국수,TRUE,FALSE,FALSE,TRUE,TRUE,TRUE,FALSE,FALSE
304,모짜렐라 스팸계란마리,FALSE,FALSE,FALSE,FALSE,FALSE,FALSE,FALSE,FALSE
305,한우소고기 돌미여국 정찬,FALSE,FALSE,FALSE,TRUE,TRUE,FALSE,FALSE,FALSE
306,부타동,FALSE,FALSE,FALSE,FALSE,FALSE,FALSE,FALSE,FALSE
307,삼겹살 (1인분),FALSE,FALSE,FALSE,TRUE,TRUE,FALSE,FALSE,FALSE
308,"추천
곱창 (200g)",FALSE,FALSE,FALSE,TRUE,TRUE,FALSE,FALSE,FALSE
309,기본쌀국수,TRUE,FALSE,FALSE,TRUE,FALSE,TRUE,FALSE,FALSE
310,왕새우구이,FALSE,FALSE,FALSE,FALSE,FALSE,FALSE,FALSE,FALSE
311,트리플 현미베이크[TRIPLE SAUCE BROWN RICE BAKE],FALSE,FALSE,FALSE,TRUE,TRUE,FALSE,FALSE,FALSE
312,숯불구이 족발,FALSE,FALSE,FALSE,TRUE,TRUE,FALSE,FALSE,FALSE
313,베지 토마토 파스타,FALSE,FALSE,FALSE,TRUE,FALSE,TRUE,FALSE,FALSE
314,봉천동 나시고랭,FALSE,FALSE,FALSE,FALSE,FALSE,FALSE,TRUE,FALSE
315,순살안동찜닭(소),TRUE,FALSE,FALSE,TRUE,TRUE,FALSE,FALSE,FALSE
316,한마리,FALSE,FALSE,FALSE,FALSE,FALSE,FALSE,FALSE,FALSE
317,도미초밥,FALSE,FALSE,FALSE,FALSE,FALSE,FALSE,TRUE,FALSE
318,갈낙탕,TRUE,FALSE,FALSE,TRUE,TRUE,FALSE,FALSE,FALSE
319,국물떡볶이,TRUE,TRUE,TRUE,TRUE,FALSE,FALSE,FALSE,FALSE
320,점심특선초밥(10ps),FALSE,FALSE,FALSE,FALSE,FALSE,FALSE,TRUE,FALSE
321,"추천
카이센동",FALSE,FALSE,FALSE,FALSE,FALSE,FALSE,TRUE,FALSE
322,꼬막,FALSE,FALSE,FALSE,FALSE,FALSE,FALSE,FALSE,FALSE
323,오겹살 (180g),FALSE,FALSE,FALSE,TRUE,TRUE,FALSE,FALSE,FALSE
324,소 불고기 김치전,FALSE,FALSE,FALSE,TRUE,TRUE,FALSE,FALSE,FALSE
325,가마보꼬(어묵)고로케 (2PCS),FALSE,FALSE,FALSE,FALSE,FALSE,FALSE,FALSE,FALSE
326,모듬전,FALSE,FALSE,FALSE,TRUE,FALSE,FALSE,FALSE,FALSE
327,치즈범벅치킨 (순살)(작은거),FALSE,FALSE,FALSE,TRUE,TRUE,FALSE,FALSE,FALSE
328,오신매운갈비찜 (1인분),FALSE,TRUE,FALSE,TRUE,TRUE,FALSE,FALSE,FALSE
329,모시조개탕,FALSE,FALSE,FALSE,FALSE,FALSE,FALSE,FALSE,FALSE
330,무우전,FALSE,FALSE,FALSE,FALSE,FALSE,FALSE,FALSE,FALSE
331,붉은대게장 비빔밥,FALSE,FALSE,FALSE,FALSE,FALSE,FALSE,TRUE,FALSE
332,물냉면,TRUE,FALSE,FALSE,FALSE,FALSE,TRUE,FALSE,FALSE
333,참치타다끼,FALSE,FALSE,FALSE,FALSE,FALSE,FALSE,FALSE,FALSE
334,통갈매기살(200g),FALSE,FALSE,FALSE,TRUE,TRUE,FALSE,FALSE,FALSE
335,치즈돈까스 모밀세트 1인분,FALSE,FALSE,FALSE,TRUE,TRUE,FALSE,FALSE,FALSE
336,공어 (소),FALSE,FALSE,FALSE,FALSE,FALSE,FALSE,FALSE,FALSE
337,반마리 메뉴(음료미포함),FALSE,FALSE,FALSE,FALSE,FALSE,FALSE,FALSE,FALSE
338,모듬과일,FALSE,FALSE,TRUE,FALSE,FALSE,FALSE,FALSE,FALSE
339,장어구이(중),FALSE,FALSE,FALSE,TRUE,FALSE,FALSE,FALSE,FALSE
340,홍두깨,FALSE,FALSE,FALSE,FALSE,FALSE,FALSE,FALSE,FALSE
341,"추천
과일 요거트",FALSE,FALSE,TRUE,FALSE,FALSE,FALSE,FALSE,FALSE
342,오늘의초밥,FALSE,FALSE,FALSE,FALSE,FALSE,FALSE,TRUE,FALSE
343,옛날통닭(한마리),FALSE,FALSE,FALSE,TRUE,TRUE,FALSE,FALSE,FALSE
344,곱창한판,FALSE,FALSE,FALSE,TRUE,TRUE,FALSE,FALSE,FALSE
345,들깨칼국수,TRUE,FALSE,FALSE,TRUE,FALSE,TRUE,FALSE,FALSE
346,사바이소베마끼+우니,FALSE,FALSE,FALSE,FALSE,FALSE,FALSE,FALSE,FALSE
347,참스테이크,FALSE,FALSE,FALSE,TRUE,TRUE,FALSE,FALSE,FALSE
348,야끼카레,TRUE,FALSE,FALSE,FALSE,FALSE,FALSE,FALSE,FALSE
349,냉면,TRUE,FALSE,FALSE,FALSE,FALSE,TRUE,FALSE,FALSE
350,동태찌개,TRUE,TRUE,FALSE,TRUE,FALSE,FALSE,TRUE,FALSE
351,치퐁당 후라이드,FALSE,FALSE,FALSE,TRUE,TRUE,FALSE,FALSE,FALSE
352,모듬구이 (200g),FALSE,FALSE,FALSE,TRUE,TRUE,FALSE,FALSE,FALSE
353,특명품순두부,FALSE,FALSE,FALSE,FALSE,FALSE,FALSE,FALSE,FALSE
354,삼겹살(150g),FALSE,FALSE,FALSE,TRUE,TRUE,FALSE,FALSE,FALSE
355,시래불고기(1인),FALSE,FALSE,FALSE,TRUE,TRUE,FALSE,FALSE,FALSE
356,기린소바세트,TRUE,FALSE,FALSE,FALSE,FALSE,TRUE,FALSE,FALSE
357,페스트리피자,FALSE,FALSE,FALSE,TRUE,FALSE,FALSE,FALSE,TRUE
358,특모듬 (중),FALSE,FALSE,FALSE,FALSE,FALSE,FALSE,FALSE,FALSE
359,보쌈정식,FALSE,FALSE,FALSE,FALSE,TRUE,FALSE,FALSE,FALSE
360,토마토 모짜렐라 파스타,FALSE,FALSE,FALSE,TRUE,FALSE,TRUE,FALSE,FALSE
361,피자,FALSE,FALSE,FALSE,TRUE,FALSE,FALSE,FALSE,TRUE
362,양푼 생고기 김치찌개,TRUE,TRUE,FALSE,TRUE,TRUE,FALSE,TRUE,FALSE
363,젠젠 팡케키,FALSE,FALSE,FALSE,FALSE,FALSE,FALSE,FALSE,FALSE
364,특정식(1인분),FALSE,FALSE,FALSE,FALSE,FALSE,FALSE,FALSE,FALSE
365,김치전,FALSE,FALSE,FALSE,FALSE,FALSE,FALSE,FALSE,FALSE
366,순대곱창버섯전골(중),TRUE,TRUE,FALSE,TRUE,TRUE,FALSE,FALSE,FALSE
367,꽃등심(200g),FALSE,FALSE,FALSE,TRUE,TRUE,FALSE,FALSE,FALSE
368,바지락 수제비,TRUE,FALSE,FALSE,TRUE,FALSE,TRUE,FALSE,FALSE
369,막창소금(2인),FALSE,FALSE,FALSE,TRUE,TRUE,FALSE,FALSE,FALSE
370,동백,FALSE,FALSE,FALSE,FALSE,FALSE,FALSE,FALSE,FALSE
371,버팔로칩,FALSE,FALSE,FALSE,FALSE,FALSE,FALSE,FALSE,FALSE
372,격식을 갖춘 한끼,FALSE,FALSE,FALSE,FALSE,FALSE,FALSE,FALSE,FALSE
373,볶음짬뽕,TRUE,TRUE,FALSE,TRUE,FALSE,TRUE,FALSE,FALSE
374,한우곱창떡볶이 (S),TRUE,TRUE,TRUE,TRUE,TRUE,FALSE,FALSE,FALSE
375,치르르블랙라벨치킨 8조각,FALSE,FALSE,FALSE,TRUE,TRUE,FALSE,FALSE,FALSE
376,안심육즙탕수육 (S),FALSE,FALSE,TRUE,TRUE,TRUE,FALSE,FALSE,FALSE
377,한우곱창(200g),FALSE,FALSE,FALSE,TRUE,TRUE,FALSE,FALSE,FALSE
378,뒷고기 한판(500g),FALSE,FALSE,FALSE,FALSE,TRUE,FALSE,FALSE,FALSE
379,해물탕(소),TRUE,TRUE,FALSE,TRUE,FALSE,FALSE,FALSE,FALSE
380,양념치킨,FALSE,TRUE,FALSE,TRUE,TRUE,FALSE,FALSE,FALSE
381,돼지김치찌개,TRUE,TRUE,FALSE,TRUE,TRUE,FALSE,TRUE,FALSE
382,아구찜 (큰소),TRUE,TRUE,FALSE,TRUE,FALSE,FALSE,FALSE,FALSE
383,닭볶음탕(소),FALSE,TRUE,FALSE,TRUE,TRUE,FALSE,FALSE,FALSE
384,냄비오뎅,TRUE,FALSE,FALSE,TRUE,FALSE,FALSE,FALSE,FALSE
385,농어(소),FALSE,FALSE,FALSE,FALSE,FALSE,FALSE,FALSE,FALSE
386,칵테일,FALSE,FALSE,FALSE,FALSE,FALSE,FALSE,FALSE,FALSE
387,삼겹살 (200g),FALSE,FALSE,FALSE,TRUE,TRUE,FALSE,FALSE,FALSE
388,돼지불백,TRUE,FALSE,FALSE,TRUE,TRUE,FALSE,FALSE,FALSE
389,듀록 냉삼겹 (1인분),FALSE,FALSE,FALSE,TRUE,TRUE,FALSE,FALSE,FALSE
390,오징어김밥,FALSE,FALSE,FALSE,FALSE,FALSE,FALSE,TRUE,FALSE
391,탕수육 (소),FALSE,FALSE,TRUE,TRUE,TRUE,FALSE,FALSE,FALSE
392,마라탕 (기본),TRUE,TRUE,FALSE,TRUE,TRUE,FALSE,FALSE,FALSE
393,지코바 소금구이,FALSE,FALSE,FALSE,TRUE,TRUE,FALSE,FALSE,FALSE
394,파고 피자,FALSE,FALSE,FALSE,TRUE,FALSE,FALSE,FALSE,TRUE
395,꽈배기(2개),FALSE,FALSE,FALSE,FALSE,FALSE,FALSE,FALSE,TRUE
396,냉만두국,FALSE,FALSE,FALSE,TRUE,FALSE,FALSE,FALSE,FALSE
397,마왕통구이 (소),FALSE,FALSE,FALSE,TRUE,TRUE,FALSE,FALSE,FALSE
398,A SET,FALSE,FALSE,FALSE,FALSE,FALSE,FALSE,FALSE,FALSE
399,어묵우동,TRUE,FALSE,FALSE,TRUE,FALSE,TRUE,FALSE,FALSE
400,아메리카노,FALSE,FALSE,FALSE,FALSE,FALSE,FALSE,FALSE,FALSE
401,퍼포,FALSE,FALSE,FALSE,FALSE,FALSE,FALSE,FALSE,FALSE
402,카라멘,TRUE,TRUE,FALSE,TRUE,FALSE,TRUE,FALSE,FALSE
403,떡볶이,TRUE,TRUE,TRUE,TRUE,FALSE,FALSE,FALSE,FALSE
404,한우꽃등심(150g),FALSE,FALSE,FALSE,TRUE,TRUE,FALSE,FALSE,FALSE
405,아메리카노 (BLACK),FALSE,FALSE,FALSE,FALSE,FALSE,FALSE,FALSE,FALSE
406,후라이드치킨,FALSE,FALSE,FALSE,TRUE,TRUE,FALSE,FALSE,FALSE
407,통랍스터 오븐구이 세트(페페로니),FALSE,FALSE,FALSE,FALSE,FALSE,FALSE,FALSE,FALSE
408,에스프레스,TRUE,FALSE,FALSE,FALSE,FALSE,FALSE,FALSE,FALSE
409,콘 에스퀴테스,FALSE,FALSE,FALSE,FALSE,FALSE,FALSE,FALSE,FALSE
410,오리로스,FALSE,FALSE,FALSE,TRUE,TRUE,FALSE,FALSE,FALSE
411,뚝배기 닭볶음탕,FALSE,TRUE,FALSE,TRUE,TRUE,FALSE,FALSE,FALSE
412,풍부한 단맛 토종양파 삼선짜장면,FALSE,FALSE,TRUE,TRUE,FALSE,FALSE,FALSE,FALSE
413,클래식치즈버거,FALSE,FALSE,FALSE,FALSE,TRUE,FALSE,FALSE,TRUE
414,벌교 참꼬막 데침,FALSE,FALSE,FALSE,FALSE,FALSE,FALSE,FALSE,FALSE
415,크라운쌀통닭,FALSE,FALSE,FALSE,TRUE,TRUE,FALSE,FALSE,FALSE
416,소고기된장전골,TRUE,TRUE,FALSE,TRUE,TRUE,FALSE,FALSE,FALSE
417,분짜,TRUE,FALSE,FALSE,FALSE,FALSE,TRUE,FALSE,FALSE
418,돼지 육수 라멘,TRUE,TRUE,FALSE,TRUE,TRUE,TRUE,FALSE,FALSE
419,쿠바 샌드위치 오리지널,FALSE,FALSE,FALSE,TRUE,TRUE,FALSE,FALSE,TRUE
420,손칼국수 (보),TRUE,FALSE,FALSE,TRUE,FALSE,TRUE,FALSE,FALSE
421,매운낙지비빔밥,FALSE,TRUE,FALSE,FALSE,FALSE,FALSE,TRUE,FALSE
422,장어덮밥,FALSE,FALSE,FALSE,FALSE,FALSE,FALSE,TRUE,FALSE
423,후라이드,FALSE,FALSE,FALSE,TRUE,TRUE,FALSE,FALSE,FALSE
424,광어활어회 한상차림 (대),FALSE,FALSE,FALSE,TRUE,TRUE,FALSE,FALSE,FALSE
425,광어 (중),FALSE,FALSE,FALSE,TRUE,TRUE,FALSE,FALSE,FALSE
426,등심돈까스,FALSE,FALSE,FALSE,TRUE,TRUE,FALSE,FALSE,FALSE
427,염소탕,TRUE,FALSE,FALSE,TRUE,TRUE,FALSE,FALSE,FALSE
428,왕갈비탕,FALSE,FALSE,FALSE,TRUE,TRUE,FALSE,FALSE,FALSE
429,통/백 반반탕 (2-3인),FALSE,FALSE,FALSE,FALSE,FALSE,FALSE,FALSE,FALSE
430,해봉이밥버거,FALSE,FALSE,FALSE,FALSE,TRUE,FALSE,TRUE,TRUE
431,가정식백반,FALSE,FALSE,FALSE,FALSE,FALSE,FALSE,TRUE,FALSE
432,"추천
아몬드크림 라떼",FALSE,FALSE,TRUE,FALSE,FALSE,FALSE,FALSE,FALSE
433,먹장어 짚불구이,FALSE,FALSE,FALSE,FALSE,FALSE,FALSE,FALSE,FALSE
434,"추천
홍탄",FALSE,FALSE,FALSE,FALSE,FALSE,FALSE,FALSE,FALSE
435,학주쌤 강추 고쉬불패,FALSE,FALSE,FALSE,FALSE,FALSE,FALSE,FALSE,FALSE
436,석쇠불고기,FALSE,FALSE,FALSE,TRUE,TRUE,FALSE,FALSE,FALSE
437,"추천
1인세트",FALSE,FALSE,FALSE,FALSE,FALSE,FALSE,FALSE,FALSE
438,소막창(200g),FALSE,FALSE,FALSE,TRUE,TRUE,FALSE,FALSE,FALSE
439,곱창소금구이,FALSE,FALSE,FALSE,TRUE,TRUE,FALSE,FALSE,FALSE
440,닭발,FALSE,TRUE,FALSE,TRUE,TRUE,FALSE,FALSE,FALSE
441,매직버터치킨세트(보퉁맛),FALSE,FALSE,FALSE,TRUE,TRUE,FALSE,FALSE,FALSE
442,토시살 (150g),FALSE,FALSE,FALSE,TRUE,TRUE,FALSE,FALSE,FALSE
443,통뼈국물닭발,TRUE,TRUE,FALSE,TRUE,TRUE,FALSE,FALSE,FALSE
444,아구찜(중),TRUE,TRUE,FALSE,TRUE,FALSE,FALSE,FALSE,FALSE
445,묵은지 닭볶음탕,FALSE,TRUE,FALSE,TRUE,TRUE,FALSE,FALSE,FALSE
446,"매화(치킨, 연어구이)",FALSE,FALSE,FALSE,TRUE,TRUE,FALSE,FALSE,FALSE
447,차돌박이 (100g),FALSE,FALSE,FALSE,TRUE,TRUE,FALSE,FALSE,FALSE
448,양다리(1kg),FALSE,FALSE,FALSE,TRUE,TRUE,FALSE,FALSE,FALSE
449,계란게살탕,FALSE,FALSE,FALSE,FALSE,FALSE,FALSE,FALSE,FALSE
450,돈고츠 라멘,TRUE,TRUE,FALSE,TRUE,FALSE,TRUE,FALSE,FALSE
451,꽃듬심 (150g),FALSE,FALSE,FALSE,FALSE,FALSE,FALSE,FALSE,FALSE
452,우삼겹쌈밥,FALSE,FALSE,FALSE,TRUE,TRUE,FALSE,TRUE,FALSE
453,고구마피자(L),FALSE,FALSE,TRUE,TRUE,FALSE,FALSE,FALSE,TRUE
454,짬봉탕,FALSE,FALSE,FALSE,FALSE,FALSE,FALSE,FALSE,FALSE
455,야채곱창,FALSE,TRUE,FALSE,TRUE,TRUE,FALSE,FALSE,FALSE
456,동태탕,FALSE,FALSE,FALSE,FALSE,FALSE,FALSE,FALSE,FALSE
457,무뼈숯불닭발,FALSE,TRUE,FALSE,TRUE,TRUE,FALSE,FALSE,FALSE
458,특수부위모듬(400g),FALSE,FALSE,FALSE,TRUE,TRUE,FALSE,FALSE,FALSE
459,닭도리탕 (대),TRUE,TRUE,FALSE,TRUE,TRUE,FALSE,FALSE,FALSE
460,딸기 리코타치즈 샌드,FALSE,FALSE,FALSE,FALSE,FALSE,FALSE,FALSE,FALSE
461,마라아귀,FALSE,TRUE,FALSE,FALSE,FALSE,FALSE,FALSE,FALSE
462,마라훠궈전골 (양고기 or 소고기 택1),TRUE,TRUE,FALSE,TRUE,TRUE,FALSE,FALSE,FALSE
463,나눠먹는 와츄원,FALSE,FALSE,FALSE,FALSE,FALSE,FALSE,FALSE,FALSE
464,유기농 순두부찌개,TRUE,TRUE,FALSE,TRUE,FALSE,FALSE,TRUE,FALSE
465,돈코츠라멘,TRUE,TRUE,FALSE,TRUE,FALSE,TRUE,FALSE,FALSE
466,얼씨구,FALSE,FALSE,FALSE,FALSE,FALSE,FALSE,FALSE,FALSE
467,해물칼국수,TRUE,FALSE,FALSE,TRUE,FALSE,TRUE,FALSE,FALSE
468,Americano,FALSE,FALSE,FALSE,FALSE,FALSE,FALSE,FALSE,FALSE
469,2인 세트,FALSE,FALSE,FALSE,FALSE,FALSE,FALSE,FALSE,FALSE
470,불고기,FALSE,FALSE,FALSE,TRUE,TRUE,FALSE,FALSE,FALSE
471,바싹불고기오징어 한상,FALSE,FALSE,FALSE,TRUE,TRUE,FALSE,FALSE,FALSE
472,마왕통구이,FALSE,FALSE,FALSE,TRUE,TRUE,FALSE,FALSE,FALSE
473,"추천
미플레이스 라떼",FALSE,FALSE,TRUE,FALSE,FALSE,FALSE,FALSE,FALSE
474,치즈 플레이트,FALSE,FALSE,FALSE,FALSE,FALSE,FALSE,FALSE,FALSE
475,생양꼬치,FALSE,FALSE,FALSE,TRUE,TRUE,FALSE,FALSE,FALSE
476,후라이드 치킨,FALSE,FALSE,FALSE,TRUE,TRUE,FALSE,FALSE,FALSE
477,청년국수,TRUE,FALSE,FALSE,TRUE,FALSE,TRUE,FALSE,FALSE
478,스윗에그,FALSE,FALSE,FALSE,FALSE,FALSE,FALSE,FALSE,FALSE
479,참숯닭갈비 (250g),FALSE,TRUE,FALSE,TRUE,TRUE,FALSE,FALSE,FALSE
480,회전초밥,FALSE,FALSE,FALSE,FALSE,FALSE,FALSE,TRUE,FALSE
481,쭈꾸미덮밥,FALSE,FALSE,FALSE,FALSE,FALSE,FALSE,TRUE,FALSE
482,아마에비동,FALSE,FALSE,FALSE,TRUE,TRUE,FALSE,FALSE,FALSE
483,찹쌀탕수육,FALSE,FALSE,TRUE,TRUE,TRUE,FALSE,FALSE,FALSE
484,소왕갈비,FALSE,FALSE,FALSE,TRUE,TRUE,FALSE,FALSE,FALSE
485,1인 사시미 (20P),FALSE,FALSE,FALSE,FALSE,TRUE,FALSE,FALSE,FALSE
486,위스키,FALSE,FALSE,FALSE,FALSE,FALSE,FALSE,FALSE,FALSE
487,통뼈닭발 (소),FALSE,TRUE,FALSE,TRUE,TRUE,FALSE,FALSE,FALSE
488,짝태,FALSE,FALSE,FALSE,FALSE,FALSE,FALSE,FALSE,FALSE
489,소등심(150g),FALSE,FALSE,FALSE,TRUE,TRUE,FALSE,FALSE,FALSE
490,반반치킨,FALSE,FALSE,FALSE,TRUE,TRUE,FALSE,FALSE,FALSE
491,따빠디또 첫 번째 디저트 이야기 '익숙한 그리고 색다른',FALSE,FALSE,FALSE,FALSE,FALSE,FALSE,FALSE,FALSE
492,감튀 (S),FALSE,FALSE,FALSE,TRUE,FALSE,FALSE,FALSE,FALSE
493,삼겹살(180g),FALSE,FALSE,FALSE,TRUE,TRUE,FALSE,FALSE,FALSE
494,등심돈까스 (5장),FALSE,FALSE,FALSE,TRUE,TRUE,FALSE,FALSE,FALSE
495,황제꽃갈비살 (250g),FALSE,FALSE,FALSE,TRUE,TRUE,FALSE,FALSE,FALSE
496,에비죠텐동,FALSE,FALSE,FALSE,TRUE,TRUE,FALSE,TRUE,FALSE
497,반반족발 (뒷다리로 반반),FALSE,FALSE,FALSE,FALSE,TRUE,FALSE,FALSE,FALSE
498,고기밥,FALSE,FALSE,FALSE,FALSE,TRUE,FALSE,TRUE,FALSE
499,아메리카노(HOT),FALSE,TRUE,FALSE,FALSE,FALSE,FALSE,FALSE,FALSE
500,아구찜(소),TRUE,TRUE,FALSE,TRUE,FALSE,FALSE,FALSE,FALSE
501,직화불고기피자(2인),FALSE,FALSE,FALSE,TRUE,TRUE,FALSE,FALSE,TRUE
502,소갈비살,FALSE,FALSE,FALSE,TRUE,TRUE,FALSE,FALSE,FALSE
503,토종순대국,TRUE,FALSE,FALSE,TRUE,TRUE,FALSE,TRUE,FALSE
504,갈치구이,FALSE,FALSE,FALSE,FALSE,FALSE,FALSE,FALSE,FALSE
505,아이스아메리카노,FALSE,FALSE,FALSE,FALSE,FALSE,FALSE,FALSE,FALSE
506,바싹불고기 (M),FALSE,FALSE,FALSE,TRUE,TRUE,FALSE,FALSE,FALSE
507,머리국밥,TRUE,FALSE,FALSE,TRUE,FALSE,FALSE,TRUE,FALSE
508,마제루롤 정식 (저녁),FALSE,FALSE,FALSE,FALSE,FALSE,FALSE,FALSE,FALSE
509,"추천
순살치킨",FALSE,FALSE,FALSE,TRUE,TRUE,FALSE,FALSE,FALSE
510,닭똥집,FALSE,FALSE,FALSE,TRUE,TRUE,FALSE,FALSE,FALSE
511,닭껍질튀김,FALSE,FALSE,FALSE,TRUE,TRUE,FALSE,FALSE,FALSE
512,조개찜 (소),FALSE,FALSE,FALSE,FALSE,FALSE,FALSE,FALSE,FALSE
513,마라탕 (육수류) (100g),TRUE,TRUE,FALSE,TRUE,TRUE,FALSE,FALSE,FALSE
514,코코 후라이드(중),FALSE,FALSE,FALSE,TRUE,TRUE,FALSE,FALSE,FALSE
515,동궁황금찜닭 (R),TRUE,FALSE,FALSE,TRUE,TRUE,FALSE,FALSE,FALSE
516,주중)어린이 회원가,FALSE,FALSE,FALSE,FALSE,FALSE,FALSE,FALSE,FALSE
517,"마른안주(소),쥐포,노가리",FALSE,FALSE,FALSE,FALSE,FALSE,FALSE,FALSE,FALSE
518,텍스멕스 바베큐 버거,FALSE,FALSE,FALSE,TRUE,TRUE,FALSE,FALSE,TRUE
519,"추천
닭도리탕",TRUE,TRUE,FALSE,TRUE,TRUE,FALSE,FALSE,FALSE
520,콘소메이징,FALSE,FALSE,TRUE,FALSE,FALSE,FALSE,FALSE,FALSE
521,생연어회(소),FALSE,FALSE,FALSE,FALSE,FALSE,FALSE,FALSE,FALSE
522,"추천
마라테이블 마라탕",TRUE,TRUE,FALSE,TRUE,TRUE,FALSE,FALSE,FALSE
523,와!메리카노 1.5L,FALSE,FALSE,FALSE,FALSE,FALSE,FALSE,FALSE,FALSE
524,모다카레+프리미엄소시지,TRUE,FALSE,FALSE,FALSE,TRUE,FALSE,FALSE,FALSE
525,[NEW]두찜 트러플크림찜닭,TRUE,FALSE,TRUE,TRUE,TRUE,FALSE,FALSE,FALSE
526,Hot (매운) 라면,TRUE,TRUE,FALSE,TRUE,FALSE,TRUE,FALSE,FALSE
527,채끝살 스테이크,FALSE,FALSE,FALSE,TRUE,TRUE,FALSE,FALSE,FALSE
528,"추천
눈꽃세트",FALSE,FALSE,FALSE,FALSE,FALSE,FALSE,FALSE,FALSE
529,함바그카레라이스,TRUE,FALSE,TRUE,TRUE,TRUE,FALSE,TRUE,FALSE
530,통닭발,FALSE,TRUE,FALSE,TRUE,TRUE,FALSE,FALSE,FALSE
531,쌀떡볶이,TRUE,TRUE,TRUE,TRUE,FALSE,FALSE,FALSE,FALSE
532,주물럭 청국장,TRUE,TRUE,FALSE,TRUE,TRUE,FALSE,TRUE,FALSE
533,아리랑 핫도그,FALSE,FALSE,FALSE,FALSE,TRUE,FALSE,FALSE,TRUE
534,크림생맥주,FALSE,FALSE,TRUE,FALSE,FALSE,FALSE,FALSE,FALSE
535,김치부대찌개 (3인분),TRUE,TRUE,FALSE,TRUE,FALSE,FALSE,TRUE,FALSE
536,아웃백 스페셜 갈릭 스테이크,FALSE,FALSE,FALSE,TRUE,TRUE,FALSE,FALSE,FALSE
537,광어초밥 (2P),FALSE,FALSE,FALSE,TRUE,TRUE,FALSE,TRUE,FALSE
538,민물장어구이 (1인분),FALSE,FALSE,FALSE,TRUE,FALSE,FALSE,FALSE,FALSE
539,타코와사비,FALSE,FALSE,FALSE,FALSE,TRUE,FALSE,FALSE,TRUE
540,육회덮밥,FALSE,FALSE,FALSE,FALSE,TRUE,FALSE,TRUE,FALSE
541,바지락 칼국수,TRUE,FALSE,FALSE,TRUE,FALSE,TRUE,FALSE,FALSE
542,탄탄면,FALSE,FALSE,FALSE,FALSE,FALSE,FALSE,FALSE,FALSE
543,참다랑어 뱃살모듬,FALSE,FALSE,FALSE,FALSE,FALSE,FALSE,FALSE,FALSE
544,삼 <코스요리>,FALSE,FALSE,FALSE,FALSE,FALSE,FALSE,FALSE,FALSE
545,카우키 롤,FALSE,FALSE,FALSE,FALSE,FALSE,FALSE,FALSE,FALSE
546,치즈닭갈비,FALSE,TRUE,FALSE,TRUE,TRUE,FALSE,FALSE,FALSE
547,"추천
삼백반고집",FALSE,FALSE,FALSE,FALSE,FALSE,FALSE,TRUE,FALSE
548,슈프림양념치킨,FALSE,TRUE,FALSE,TRUE,TRUE,FALSE,FALSE,FALSE
549,오리지날 떡볶이,TRUE,TRUE,TRUE,TRUE,TRUE,FALSE,FALSE,FALSE
550,보쌈,FALSE,FALSE,FALSE,FALSE,TRUE,FALSE,FALSE,FALSE
551,소림마라 마라탕,TRUE,TRUE,FALSE,TRUE,TRUE,FALSE,FALSE,FALSE
552,"추천
김치볶음밥",FALSE,FALSE,FALSE,TRUE,FALSE,FALSE,TRUE,FALSE
553,삼계탕,TRUE,FALSE,FALSE,TRUE,TRUE,FALSE,FALSE,FALSE
554,장어소금구이 (1kg),FALSE,FALSE,FALSE,TRUE,TRUE,FALSE,FALSE,FALSE
555,황소알곱창 (2인분),FALSE,FALSE,FALSE,TRUE,TRUE,FALSE,FALSE,FALSE
556,김치생오겹살(200g),FALSE,FALSE,FALSE,TRUE,TRUE,FALSE,FALSE,FALSE
557,사시미 플레이트 (2인),FALSE,FALSE,FALSE,FALSE,TRUE,FALSE,FALSE,FALSE
558,소라숙회 부추무침,FALSE,FALSE,FALSE,FALSE,FALSE,FALSE,FALSE,FALSE
559,들깨 칼국수,TRUE,FALSE,FALSE,TRUE,FALSE,TRUE,FALSE,FALSE
560,깻잎찜닭(2인),TRUE,FALSE,FALSE,TRUE,TRUE,FALSE,FALSE,FALSE
561,미스터보쌈2인,FALSE,FALSE,FALSE,FALSE,TRUE,FALSE,FALSE,FALSE
562,순대 곱창 전골 (중),TRUE,TRUE,FALSE,TRUE,TRUE,FALSE,FALSE,FALSE
563,해물파전,FALSE,FALSE,FALSE,TRUE,FALSE,FALSE,FALSE,FALSE
564,낙지찜 (2인),FALSE,FALSE,FALSE,FALSE,FALSE,FALSE,FALSE,FALSE
565,광어초밥(10P),FALSE,FALSE,FALSE,TRUE,TRUE,FALSE,TRUE,FALSE
566,삼겹살(1인분),FALSE,FALSE,FALSE,TRUE,TRUE,FALSE,FALSE,FALSE
567,족발 大(앞다리),FALSE,FALSE,FALSE,TRUE,TRUE,FALSE,FALSE,FALSE
568,야채김밥,FALSE,FALSE,FALSE,FALSE,FALSE,FALSE,TRUE,FALSE
569,"추천
B세트 (2시간+기본음료)",FALSE,FALSE,FALSE,FALSE,FALSE,FALSE,FALSE,FALSE
570,파스타+치킨,FALSE,FALSE,FALSE,TRUE,TRUE,TRUE,FALSE,FALSE
571,페퍼로니 피자,FALSE,FALSE,FALSE,TRUE,FALSE,FALSE,FALSE,TRUE
572,수제 왕 돼지갈비 (250g),FALSE,FALSE,FALSE,TRUE,TRUE,FALSE,FALSE,FALSE
573,만조 크림 리조또,FALSE,FALSE,TRUE,FALSE,FALSE,FALSE,FALSE,FALSE
574,뽀모도로 파스타,FALSE,FALSE,FALSE,TRUE,FALSE,TRUE,FALSE,FALSE
575,쌀똑핫도그,FALSE,FALSE,FALSE,FALSE,TRUE,FALSE,FALSE,TRUE
576,콤비네이션 피자(M),FALSE,FALSE,FALSE,TRUE,FALSE,FALSE,FALSE,TRUE
577,곱창모듬 (1인분),FALSE,FALSE,FALSE,TRUE,TRUE,FALSE,FALSE,FALSE
578,2시간/1인 (기본),FALSE,FALSE,FALSE,FALSE,FALSE,FALSE,FALSE,FALSE
579,생고기김치찜(2~3인),TRUE,TRUE,FALSE,TRUE,TRUE,FALSE,FALSE,FALSE
580,계란피자,FALSE,FALSE,FALSE,TRUE,FALSE,FALSE,FALSE,TRUE
581,불고기파전,FALSE,FALSE,FALSE,TRUE,TRUE,FALSE,FALSE,FALSE
582,살치살스테이크(300g),FALSE,FALSE,FALSE,TRUE,TRUE,FALSE,FALSE,FALSE
583,이베리코 한판 (2~3인용),FALSE,FALSE,FALSE,TRUE,TRUE,FALSE,FALSE,FALSE
584,이고집쭈꾸미 (1인분),FALSE,FALSE,FALSE,FALSE,FALSE,FALSE,FALSE,FALSE
585,추천유부4+음료세트,FALSE,FALSE,FALSE,FALSE,FALSE,FALSE,FALSE,FALSE
586,만나칼국수,TRUE,FALSE,FALSE,TRUE,FALSE,TRUE,FALSE,FALSE
587,짜장,FALSE,FALSE,FALSE,TRUE,FALSE,FALSE,FALSE,FALSE
588,핀프릭 브런치 플레이트,FALSE,FALSE,FALSE,FALSE,FALSE,FALSE,FALSE,FALSE
589,클로리스가든,FALSE,FALSE,FALSE,FALSE,FALSE,FALSE,FALSE,FALSE
590,해물순두부,FALSE,FALSE,FALSE,FALSE,FALSE,FALSE,FALSE,FALSE
591,비프 타코,FALSE,FALSE,FALSE,FALSE,TRUE,FALSE,FALSE,TRUE
592,코만도바베큐,FALSE,FALSE,FALSE,TRUE,TRUE,FALSE,FALSE,FALSE
593,햄치즈,FALSE,FALSE,FALSE,FALSE,FALSE,FALSE,FALSE,FALSE
594,생오리로스 (3인분),FALSE,FALSE,FALSE,TRUE,TRUE,FALSE,FALSE,FALSE
595,명품통갈매기살 (200g),FALSE,FALSE,FALSE,TRUE,TRUE,FALSE,FALSE,FALSE
596,양푼등갈비,FALSE,FALSE,FALSE,TRUE,TRUE,FALSE,FALSE,FALSE
597,한사바리해장국+떡갈비,TRUE,TRUE,FALSE,TRUE,TRUE,FALSE,TRUE,FALSE
598,돼지 김치찜(1인분),TRUE,TRUE,FALSE,TRUE,TRUE,FALSE,FALSE,FALSE
599,고추장육회,FALSE,TRUE,FALSE,FALSE,TRUE,FALSE,FALSE,FALSE
600,핫 후라이드,FALSE,FALSE,FALSE,TRUE,TRUE,FALSE,FALSE,FALSE
601,콩나물국밥,TRUE,FALSE,FALSE,TRUE,FALSE,FALSE,TRUE,FALSE
602,점심특선(장어탕),FALSE,FALSE,FALSE,FALSE,FALSE,FALSE,FALSE,FALSE
603,고돼지정식,FALSE,FALSE,FALSE,TRUE,TRUE,FALSE,FALSE,FALSE
604,고급양갈비,FALSE,FALSE,FALSE,TRUE,TRUE,FALSE,FALSE,FALSE
605,조개구이 (소),FALSE,FALSE,FALSE,FALSE,FALSE,FALSE,FALSE,FALSE
606,반반섞음,FALSE,FALSE,FALSE,FALSE,FALSE,FALSE,FALSE,FALSE
607,국물닭발(소),TRUE,TRUE,FALSE,TRUE,TRUE,FALSE,FALSE,FALSE
608,국물닭볶음탕(한마리),TRUE,TRUE,FALSE,TRUE,TRUE,FALSE,FALSE,FALSE
609,"추천
누룩솔트후라이드 (콘)",FALSE,FALSE,FALSE,TRUE,TRUE,FALSE,FALSE,FALSE
610,다발김치찌개 (대),TRUE,TRUE,FALSE,TRUE,FALSE,FALSE,TRUE,FALSE
611,대패삼겹살 (100g),FALSE,FALSE,FALSE,TRUE,TRUE,FALSE,FALSE,FALSE
612,가츠동,FALSE,FALSE,FALSE,TRUE,TRUE,FALSE,TRUE,FALSE
613,닭곰탕국수,TRUE,FALSE,FALSE,TRUE,TRUE,TRUE,TRUE,FALSE
614,수타짜장,FALSE,FALSE,FALSE,TRUE,FALSE,FALSE,FALSE,FALSE
615,버섯매운칼국수,TRUE,TRUE,FALSE,TRUE,FALSE,TRUE,FALSE,FALSE
616,100%수제양념돼지갈비 (250g),FALSE,FALSE,FALSE,TRUE,TRUE,FALSE,FALSE,FALSE
617,츠루츠루 라멘,TRUE,TRUE,FALSE,TRUE,FALSE,TRUE,FALSE,FALSE
618,로제삼겹살,FALSE,FALSE,TRUE,TRUE,TRUE,FALSE,FALSE,FALSE
619,쭈꾸미 2인세트,FALSE,FALSE,FALSE,FALSE,FALSE,FALSE,FALSE,FALSE
620,생삼겹살 (200g),FALSE,FALSE,FALSE,TRUE,TRUE,FALSE,FALSE,FALSE
621,고추장불고기,FALSE,TRUE,FALSE,TRUE,TRUE,FALSE,FALSE,FALSE
622,황소곱창,FALSE,FALSE,FALSE,TRUE,TRUE,FALSE,FALSE,FALSE
623,믹스가츠동,FALSE,FALSE,FALSE,TRUE,TRUE,FALSE,TRUE,FALSE
624,훠궈뷔페 (1인),TRUE,FALSE,FALSE,TRUE,TRUE,FALSE,FALSE,FALSE
625,"추천
이젠떡볶이",TRUE,TRUE,TRUE,TRUE,FALSE,FALSE,FALSE,FALSE
626,불고기 4DX,FALSE,FALSE,FALSE,TRUE,TRUE,FALSE,FALSE,FALSE
627,클럽샌드위치,FALSE,FALSE,FALSE,FALSE,FALSE,FALSE,FALSE,TRUE
628,순한맛,FALSE,FALSE,FALSE,FALSE,FALSE,FALSE,FALSE,FALSE
629,소 왕통갈비(1대),FALSE,FALSE,FALSE,TRUE,TRUE,FALSE,FALSE,FALSE
630,영양탕,TRUE,FALSE,FALSE,TRUE,TRUE,FALSE,FALSE,FALSE
631,별표국수,TRUE,FALSE,FALSE,TRUE,FALSE,TRUE,FALSE,FALSE
632,수제본함박 스테이크,FALSE,FALSE,FALSE,TRUE,TRUE,FALSE,FALSE,FALSE
633,"추천
파인돈까스",FALSE,FALSE,FALSE,TRUE,TRUE,FALSE,FALSE,FALSE
634,나비루회덮밥,FALSE,FALSE,FALSE,FALSE,FALSE,FALSE,TRUE,FALSE
635,마그마 오믈렛,FALSE,FALSE,FALSE,FALSE,FALSE,FALSE,FALSE,FALSE
636,더블치즈 피자 (SLICE),FALSE,FALSE,FALSE,TRUE,FALSE,FALSE,FALSE,TRUE
637,치킨샐러드,FALSE,FALSE,FALSE,TRUE,TRUE,FALSE,FALSE,FALSE
638,A코스,FALSE,FALSE,FALSE,FALSE,FALSE,FALSE,FALSE,FALSE
639,한우소머리곰탕,TRUE,FALSE,FALSE,TRUE,TRUE,FALSE,TRUE,FALSE
640,코카콜라500ml,FALSE,FALSE,FALSE,FALSE,FALSE,FALSE,FALSE,FALSE
641,양지 소고기쌀국수,TRUE,FALSE,FALSE,TRUE,TRUE,TRUE,FALSE,FALSE
642,안심스테이크,FALSE,FALSE,FALSE,TRUE,TRUE,FALSE,FALSE,FALSE
643,의성마늘떡보쌈,FALSE,TRUE,FALSE,FALSE,TRUE,FALSE,FALSE,FALSE
644,낙곱새 (소),TRUE,TRUE,FALSE,TRUE,TRUE,FALSE,FALSE,FALSE
645,현미바사삭,FALSE,FALSE,FALSE,TRUE,TRUE,FALSE,FALSE,FALSE
646,녹차 라떼,FALSE,FALSE,TRUE,FALSE,FALSE,FALSE,FALSE,FALSE
647,이베리코돼지 편백세트 (2인추천),FALSE,FALSE,FALSE,TRUE,TRUE,FALSE,FALSE,FALSE
648,들깨칼제비,FALSE,FALSE,FALSE,FALSE,FALSE,FALSE,FALSE,FALSE
649,두떡로제떡볶이,TRUE,TRUE,TRUE,TRUE,FALSE,FALSE,FALSE,FALSE
650,"추천
남도정식",FALSE,FALSE,FALSE,FALSE,FALSE,FALSE,FALSE,FALSE
651,나눔]킹쉬L+리얼순살+양념,FALSE,FALSE,FALSE,FALSE,TRUE,FALSE,FALSE,FALSE
652,호가든 생 2잔&나쵸,FALSE,FALSE,FALSE,FALSE,FALSE,FALSE,FALSE,FALSE
653,찐꽈배기,FALSE,FALSE,FALSE,FALSE,FALSE,FALSE,FALSE,TRUE
654,소곱창,FALSE,FALSE,FALSE,TRUE,TRUE,FALSE,FALSE,FALSE
655,차돌라면,TRUE,TRUE,FALSE,TRUE,TRUE,TRUE,FALSE,FALSE
656,오늘의사시미,FALSE,FALSE,FALSE,FALSE,TRUE,FALSE,FALSE,FALSE
657,구운버섯샐러드,FALSE,FALSE,FALSE,FALSE,FALSE,FALSE,FALSE,FALSE
658,숯불양념바베큐,FALSE,FALSE,FALSE,TRUE,TRUE,FALSE,FALSE,FALSE
659,닭떡볶이,TRUE,TRUE,TRUE,TRUE,TRUE,FALSE,FALSE,FALSE
660,대새피자,FALSE,FALSE,FALSE,TRUE,FALSE,FALSE,FALSE,TRUE
661,베리버터스콘,FALSE,FALSE,FALSE,FALSE,FALSE,FALSE,FALSE,FALSE
662,그린스무디,FALSE,FALSE,TRUE,FALSE,FALSE,FALSE,FALSE,FALSE
663,세트메뉴,FALSE,FALSE,FALSE,FALSE,FALSE,FALSE,FALSE,FALSE
664,갈비살(180g),FALSE,FALSE,FALSE,TRUE,TRUE,FALSE,FALSE,FALSE
665,광어(소),FALSE,FALSE,FALSE,TRUE,TRUE,FALSE,FALSE,FALSE
666,마라탕 (100g),TRUE,TRUE,FALSE,TRUE,TRUE,FALSE,FALSE,FALSE
667,소떡,FALSE,FALSE,FALSE,FALSE,TRUE,FALSE,FALSE,FALSE
668,치즈김치전,FALSE,FALSE,FALSE,FALSE,FALSE,FALSE,FALSE,FALSE
669,앞족(국내산) 小,FALSE,FALSE,FALSE,FALSE,FALSE,FALSE,FALSE,FALSE
670,고묵이,FALSE,FALSE,FALSE,FALSE,FALSE,FALSE,FALSE,FALSE
671,낙지(볶음)덮밥,FALSE,FALSE,FALSE,FALSE,FALSE,FALSE,TRUE,FALSE
672,삼겹살 (180g),FALSE,FALSE,FALSE,TRUE,TRUE,FALSE,FALSE,FALSE
673,목살 스테이크,FALSE,FALSE,FALSE,TRUE,TRUE,FALSE,FALSE,FALSE
674,규동,FALSE,FALSE,TRUE,FALSE,TRUE,FALSE,TRUE,FALSE
675,버섯돼지갈비(1인분),FALSE,FALSE,FALSE,TRUE,TRUE,FALSE,FALSE,FALSE
676,도니꾸차슈라,FALSE,FALSE,FALSE,FALSE,FALSE,FALSE,FALSE,FALSE
677,Avocado chili BURRUTO,FALSE,FALSE,FALSE,FALSE,FALSE,FALSE,FALSE,FALSE
678,비빔냉면,TRUE,FALSE,FALSE,FALSE,FALSE,TRUE,FALSE,FALSE
679,페이머스,FALSE,FALSE,FALSE,FALSE,FALSE,FALSE,FALSE,FALSE
680,함박스테이크,FALSE,FALSE,FALSE,TRUE,TRUE,FALSE,FALSE,FALSE
681,유린기,FALSE,FALSE,FALSE,TRUE,TRUE,FALSE,FALSE,FALSE
682,계란찜,FALSE,FALSE,FALSE,FALSE,FALSE,FALSE,FALSE,FALSE
683,소갈비살(200g),FALSE,FALSE,FALSE,TRUE,TRUE,FALSE,FALSE,FALSE
684,황궁 쟁반짜장,FALSE,FALSE,FALSE,TRUE,FALSE,FALSE,FALSE,FALSE
685,치킨라이스,FALSE,FALSE,FALSE,TRUE,TRUE,FALSE,TRUE,FALSE
686,함흥회냉면,TRUE,FALSE,FALSE,FALSE,FALSE,TRUE,FALSE,FALSE
687,"추천
크림치즈볼 로제떡볶이",TRUE,TRUE,TRUE,TRUE,FALSE,FALSE,FALSE,FALSE
688,슈하스코 무한리필 (런치),FALSE,FALSE,FALSE,FALSE,FALSE,FALSE,FALSE,FALSE
689,팟타이,FALSE,FALSE,FALSE,FALSE,FALSE,FALSE,FALSE,FALSE
690,마라탕,TRUE,TRUE,FALSE,TRUE,TRUE,FALSE,FALSE,FALSE
691,네버슬립스 (R),FALSE,FALSE,FALSE,FALSE,FALSE,FALSE,FALSE,FALSE
692,시즈닝감자치킨,FALSE,FALSE,FALSE,TRUE,TRUE,FALSE,FALSE,FALSE
693,돼지양념곱창,FALSE,FALSE,FALSE,TRUE,TRUE,FALSE,FALSE,FALSE
694,그린 샐러드,FALSE,FALSE,FALSE,FALSE,FALSE,FALSE,FALSE,FALSE
695,치킨보울(스몰),FALSE,FALSE,FALSE,TRUE,TRUE,FALSE,FALSE,FALSE
696,카스,FALSE,FALSE,FALSE,FALSE,FALSE,FALSE,FALSE,FALSE
697,호타루 모듬세트,FALSE,FALSE,FALSE,FALSE,FALSE,FALSE,FALSE,FALSE
698,우삼겹 국물떡볶이,TRUE,TRUE,TRUE,TRUE,TRUE,FALSE,FALSE,FALSE
699,흑돼지왕소금구이 (700g),FALSE,FALSE,FALSE,TRUE,TRUE,FALSE,FALSE,FALSE
700,튀볶이,FALSE,FALSE,FALSE,FALSE,FALSE,FALSE,FALSE,FALSE
701,채끝등심(200g),FALSE,FALSE,FALSE,TRUE,TRUE,FALSE,FALSE,FALSE
702,모로코 치킨 타진,FALSE,FALSE,FALSE,TRUE,TRUE,FALSE,FALSE,FALSE
703,모듬A(450g),FALSE,FALSE,FALSE,FALSE,FALSE,FALSE,FALSE,FALSE
704,치즈돈까스(2인분),FALSE,FALSE,FALSE,TRUE,TRUE,FALSE,FALSE,FALSE
705,고르곤졸라 피자 (10인치),FALSE,FALSE,TRUE,TRUE,FALSE,FALSE,FALSE,TRUE
706,왕순대,FALSE,FALSE,FALSE,FALSE,FALSE,FALSE,FALSE,FALSE
707,국산 삼합,FALSE,FALSE,FALSE,TRUE,TRUE,FALSE,FALSE,FALSE
708,"순살치킨(순살,간장,양념,치즈)",FALSE,FALSE,FALSE,TRUE,TRUE,FALSE,FALSE,FALSE
709,양꼬치,FALSE,FALSE,FALSE,TRUE,TRUE,FALSE,FALSE,FALSE
710,오픈샌드위치,FALSE,FALSE,FALSE,FALSE,FALSE,FALSE,FALSE,TRUE
711,산꼼장어 (소),FALSE,FALSE,FALSE,TRUE,FALSE,FALSE,FALSE,FALSE
712,바베큐플래터,FALSE,FALSE,FALSE,TRUE,TRUE,FALSE,FALSE,FALSE
713,순한우동,TRUE,FALSE,FALSE,TRUE,TRUE,TRUE,FALSE,FALSE
714,쌀국수,TRUE,FALSE,FALSE,TRUE,FALSE,TRUE,FALSE,FALSE
715,왕돈가스,FALSE,FALSE,FALSE,TRUE,TRUE,FALSE,FALSE,FALSE
716,매운참치김밥,FALSE,TRUE,FALSE,FALSE,FALSE,FALSE,TRUE,FALSE
717,산낙지 연포탕,FALSE,FALSE,FALSE,FALSE,FALSE,FALSE,FALSE,FALSE
718,뿌링클,FALSE,FALSE,TRUE,TRUE,TRUE,FALSE,FALSE,FALSE
719,100% 순종 듀록목살,FALSE,FALSE,FALSE,TRUE,TRUE,FALSE,FALSE,FALSE
720,매드쉬림프 피자(L),FALSE,FALSE,FALSE,TRUE,FALSE,FALSE,FALSE,TRUE
721,SET A,FALSE,FALSE,FALSE,FALSE,FALSE,FALSE,FALSE,FALSE
722,"추천
수박빙수",FALSE,FALSE,TRUE,FALSE,FALSE,FALSE,FALSE,FALSE
723,샤인머스캣 봉봉 스무디 - R/ICE,FALSE,FALSE,TRUE,FALSE,FALSE,FALSE,FALSE,FALSE
724,크리스피치킨,FALSE,FALSE,TRUE,TRUE,TRUE,FALSE,FALSE,FALSE
725,도야족발_중,FALSE,FALSE,FALSE,FALSE,TRUE,FALSE,FALSE,FALSE
726,소갈비살(700g),FALSE,FALSE,FALSE,TRUE,TRUE,FALSE,FALSE,FALSE
727,오야꼬동,FALSE,FALSE,FALSE,FALSE,FALSE,FALSE,FALSE,FALSE
728,튀김 (1인분),FALSE,FALSE,FALSE,TRUE,FALSE,FALSE,FALSE,FALSE
729,마녀김밥,FALSE,FALSE,FALSE,FALSE,FALSE,FALSE,TRUE,FALSE
730,메뉴,FALSE,FALSE,FALSE,FALSE,FALSE,FALSE,FALSE,FALSE
731,곱밥,FALSE,FALSE,FALSE,FALSE,FALSE,FALSE,TRUE,FALSE
732,이레김밥,FALSE,FALSE,FALSE,FALSE,FALSE,FALSE,TRUE,FALSE
733,참홍어 삼합,FALSE,FALSE,FALSE,TRUE,TRUE,FALSE,FALSE,FALSE
734,正熟 돈마호크(210g),FALSE,FALSE,FALSE,FALSE,FALSE,FALSE,FALSE,FALSE
735,녹두닭죽,FALSE,FALSE,FALSE,TRUE,TRUE,FALSE,FALSE,FALSE
736,흑돼지타코,FALSE,FALSE,FALSE,TRUE,TRUE,FALSE,FALSE,TRUE
737,왕십리야채곱창 (200g),FALSE,TRUE,FALSE,TRUE,TRUE,FALSE,FALSE,FALSE
738,스타버거,FALSE,FALSE,FALSE,FALSE,TRUE,FALSE,FALSE,TRUE
739,아메리카노(Hot),FALSE,FALSE,FALSE,FALSE,FALSE,FALSE,FALSE,FALSE
740,전주비빔밥,FALSE,FALSE,FALSE,FALSE,FALSE,FALSE,TRUE,FALSE
741,"추천
국내산 100% 안심스테이크",FALSE,FALSE,FALSE,TRUE,TRUE,FALSE,FALSE,FALSE
742,한치 땅콩,FALSE,FALSE,FALSE,FALSE,FALSE,FALSE,FALSE,FALSE
743,치즈피자,FALSE,FALSE,FALSE,TRUE,FALSE,FALSE,FALSE,TRUE
744,육회와 김부각,FALSE,FALSE,FALSE,FALSE,TRUE,FALSE,FALSE,FALSE
745,닭모래집,FALSE,FALSE,FALSE,TRUE,TRUE,FALSE,FALSE,FALSE
746,도란도란,FALSE,FALSE,FALSE,FALSE,FALSE,FALSE,FALSE,FALSE
747,라(L)라(L) 피자,FALSE,FALSE,FALSE,TRUE,FALSE,FALSE,FALSE,TRUE
748,미친피자 시그니처(M),FALSE,FALSE,FALSE,TRUE,FALSE,FALSE,FALSE,TRUE
749,모듬(600g),FALSE,FALSE,FALSE,FALSE,FALSE,FALSE,FALSE,FALSE
750,돈코츠 라멘,TRUE,TRUE,FALSE,TRUE,FALSE,TRUE,FALSE,FALSE
751,대작 모둠초밥 (11ps),FALSE,FALSE,FALSE,FALSE,FALSE,FALSE,TRUE,FALSE
752,수입맥주,FALSE,FALSE,FALSE,FALSE,FALSE,FALSE,FALSE,FALSE
753,특초밥(15pcs),FALSE,FALSE,FALSE,FALSE,FALSE,FALSE,TRUE,FALSE
754,직화불고기혼밥,FALSE,FALSE,FALSE,TRUE,TRUE,FALSE,TRUE,FALSE
755,치즈 프라이 L,FALSE,FALSE,FALSE,FALSE,FALSE,FALSE,FALSE,FALSE
756,해장되는대창나베,TRUE,FALSE,FALSE,TRUE,FALSE,FALSE,FALSE,FALSE
757,토마토 그린빈 샐러드,FALSE,FALSE,FALSE,FALSE,FALSE,FALSE,FALSE,FALSE
758,콩국수,TRUE,FALSE,FALSE,TRUE,FALSE,TRUE,FALSE,FALSE
759,레드마요치킨,FALSE,FALSE,FALSE,TRUE,TRUE,FALSE,FALSE,FALSE
760,야채비빔밥,FALSE,FALSE,FALSE,FALSE,FALSE,FALSE,TRUE,FALSE
761,간장통닭,FALSE,FALSE,FALSE,TRUE,TRUE,FALSE,FALSE,FALSE
762,그릴드 목살샐러드 로우,FALSE,FALSE,FALSE,TRUE,TRUE,FALSE,FALSE,FALSE
763,얼큰닭도리탕 (대),TRUE,TRUE,FALSE,TRUE,TRUE,FALSE,FALSE,FALSE
764,짜오판,FALSE,FALSE,FALSE,FALSE,FALSE,FALSE,FALSE,FALSE
765,닭다리살 스테이크,FALSE,FALSE,FALSE,TRUE,TRUE,FALSE,FALSE,FALSE
766,"추천
똥집 통마늘소금구이",FALSE,TRUE,FALSE,TRUE,TRUE,FALSE,FALSE,FALSE
767,오꼬노미야끼해물,FALSE,FALSE,FALSE,FALSE,FALSE,FALSE,FALSE,FALSE
768,싸움보쌈(M),FALSE,FALSE,FALSE,FALSE,TRUE,FALSE,FALSE,FALSE
769,뚝배기불고기,FALSE,FALSE,FALSE,TRUE,TRUE,FALSE,FALSE,FALSE
770,소갈비살 (170g),FALSE,FALSE,FALSE,TRUE,TRUE,FALSE,FALSE,FALSE
771,간장+정통후라이드,FALSE,FALSE,FALSE,TRUE,TRUE,FALSE,FALSE,FALSE
772,순살양념구이치킨,FALSE,FALSE,FALSE,TRUE,TRUE,FALSE,FALSE,FALSE
773,차돌 두루치기,FALSE,FALSE,FALSE,TRUE,TRUE,FALSE,FALSE,FALSE
774,트리플치즈 텐더치킨,FALSE,FALSE,FALSE,TRUE,TRUE,FALSE,FALSE,FALSE
775,황금올리브반반+황금알치즈볼,FALSE,FALSE,FALSE,TRUE,TRUE,FALSE,FALSE,FALSE
776,광어대파회,FALSE,FALSE,FALSE,TRUE,TRUE,FALSE,FALSE,FALSE
777,무한리필(1인),FALSE,FALSE,FALSE,FALSE,FALSE,FALSE,FALSE,FALSE
778,백채찌개 1인,TRUE,TRUE,FALSE,TRUE,FALSE,FALSE,TRUE,FALSE
779,얼큰뼈감자탕 (대),TRUE,TRUE,FALSE,TRUE,TRUE,FALSE,FALSE,FALSE
780,그날 세트,FALSE,FALSE,FALSE,FALSE,FALSE,FALSE,FALSE,FALSE
781,전주 콩가 세트,FALSE,FALSE,FALSE,FALSE,FALSE,FALSE,FALSE,FALSE
782,참치 스페샬 (1인),FALSE,FALSE,FALSE,FALSE,FALSE,FALSE,FALSE,FALSE
783,간장치킨,FALSE,FALSE,FALSE,TRUE,TRUE,FALSE,FALSE,FALSE
784,경성꽈배기(3개),FALSE,FALSE,FALSE,FALSE,FALSE,FALSE,FALSE,TRUE
785,돼지국밥,TRUE,FALSE,FALSE,TRUE,TRUE,FALSE,TRUE,FALSE
786,광어 사시미 (소),FALSE,FALSE,FALSE,TRUE,TRUE,FALSE,FALSE,FALSE
787,마루떡복이,TRUE,TRUE,FALSE,TRUE,FALSE,FALSE,FALSE,FALSE
788,레벨업 토스트,FALSE,FALSE,FALSE,FALSE,FALSE,FALSE,FALSE,TRUE
789,연어구이,FALSE,FALSE,FALSE,FALSE,FALSE,FALSE,FALSE,FALSE
790,치즈 프레이트,FALSE,FALSE,FALSE,FALSE,FALSE,FALSE,FALSE,FALSE
791,신선오리주물럭,FALSE,TRUE,FALSE,TRUE,TRUE,FALSE,FALSE,FALSE
792,삼겹살 (170g),FALSE,FALSE,FALSE,TRUE,TRUE,FALSE,FALSE,FALSE
793,노스 아일랜드IPA (435ml),FALSE,FALSE,FALSE,FALSE,FALSE,FALSE,FALSE,FALSE
794,우동정식,TRUE,FALSE,FALSE,TRUE,FALSE,TRUE,FALSE,FALSE
795,참치회 미 메뉴,FALSE,FALSE,FALSE,FALSE,FALSE,FALSE,FALSE,FALSE
796,카페라떼,FALSE,FALSE,TRUE,FALSE,FALSE,FALSE,FALSE,FALSE
797,동해 해물파전,FALSE,FALSE,FALSE,TRUE,FALSE,FALSE,FALSE,FALSE
798,"추천
삼겹살카레",TRUE,FALSE,FALSE,TRUE,TRUE,FALSE,FALSE,FALSE
799,단호박 볼케이노,FALSE,FALSE,TRUE,FALSE,FALSE,FALSE,FALSE,FALSE
800,얼큰버섯칼국수,TRUE,TRUE,FALSE,TRUE,FALSE,TRUE,FALSE,FALSE
801,직구도시락 (1인),FALSE,FALSE,FALSE,FALSE,FALSE,FALSE,TRUE,FALSE
802,등심 돈가스,FALSE,FALSE,FALSE,TRUE,TRUE,FALSE,FALSE,FALSE
803,오리지널수제버거,FALSE,FALSE,FALSE,TRUE,TRUE,FALSE,FALSE,TRUE
804,대포찜닭 (2인),TRUE,FALSE,FALSE,TRUE,TRUE,FALSE,FALSE,FALSE
805,무모한메가(32P),FALSE,FALSE,FALSE,FALSE,FALSE,FALSE,FALSE,FALSE
806,추어탕+돌솥밥,TRUE,TRUE,FALSE,TRUE,FALSE,FALSE,TRUE,FALSE
807,살시치아 미트볼 스튜,FALSE,FALSE,FALSE,FALSE,TRUE,FALSE,FALSE,FALSE
808,도로초밥(10p),FALSE,FALSE,FALSE,FALSE,FALSE,FALSE,TRUE,FALSE
809,한우 깍두기 볶음밥,FALSE,FALSE,FALSE,TRUE,TRUE,FALSE,TRUE,FALSE
810,와인숙성 넓적다리 스테이크,FALSE,FALSE,FALSE,TRUE,TRUE,FALSE,FALSE,FALSE
811,참다랑어 뱃살 (1Pcs),FALSE,FALSE,FALSE,FALSE,FALSE,FALSE,FALSE,FALSE
812,냉동삼겹(150g),FALSE,FALSE,FALSE,TRUE,TRUE,FALSE,FALSE,FALSE
813,한방보쌈 (대),FALSE,FALSE,FALSE,FALSE,TRUE,FALSE,FALSE,FALSE
814,두부김치,FALSE,FALSE,FALSE,FALSE,FALSE,FALSE,FALSE,FALSE
815,냉동삼겹살,FALSE,FALSE,FALSE,TRUE,TRUE,FALSE,FALSE,FALSE
816,싱싱해물모듬,FALSE,FALSE,FALSE,FALSE,FALSE,FALSE,FALSE,FALSE
817,닥치고 커플SET,FALSE,FALSE,FALSE,FALSE,FALSE,FALSE,FALSE,FALSE
818,아몬드라떼,FALSE,FALSE,TRUE,FALSE,FALSE,FALSE,FALSE,FALSE
819,불백정식,TRUE,FALSE,FALSE,TRUE,TRUE,FALSE,FALSE,FALSE
820,베이컨머쉬룸 파스타,FALSE,FALSE,FALSE,TRUE,TRUE,TRUE,FALSE,FALSE
821,쭈꾸미(1인),FALSE,FALSE,FALSE,FALSE,FALSE,FALSE,FALSE,FALSE
822,"추천
커티삭 하이볼",FALSE,FALSE,FALSE,FALSE,FALSE,FALSE,FALSE,FALSE
823,수제 큐브파운드,FALSE,FALSE,FALSE,FALSE,FALSE,FALSE,FALSE,FALSE
824,갈매기살 (150g),FALSE,FALSE,FALSE,TRUE,TRUE,FALSE,FALSE,FALSE
825,오리지널,FALSE,FALSE,FALSE,TRUE,TRUE,FALSE,FALSE,FALSE
826,통국물닭발 (중),TRUE,TRUE,FALSE,TRUE,TRUE,FALSE,FALSE,FALSE
827,우리보쌈(소),FALSE,FALSE,FALSE,FALSE,TRUE,FALSE,FALSE,FALSE
828,광어 (소),FALSE,FALSE,FALSE,TRUE,TRUE,FALSE,FALSE,FALSE
829,로스 돈가츠,FALSE,FALSE,FALSE,TRUE,TRUE,FALSE,FALSE,FALSE
830,육육치킨,FALSE,FALSE,FALSE,TRUE,TRUE,FALSE,FALSE,FALSE
831,사케동,FALSE,FALSE,FALSE,FALSE,FALSE,FALSE,TRUE,FALSE
832,모듬초밥 (10P),FALSE,FALSE,FALSE,FALSE,FALSE,FALSE,TRUE,FALSE
833,오일세트,FALSE,FALSE,FALSE,FALSE,FALSE,FALSE,FALSE,FALSE
834,나이스 세트 A,FALSE,FALSE,FALSE,FALSE,FALSE,FALSE,FALSE,FALSE
835,돼지볶음쌈밥,FALSE,FALSE,FALSE,TRUE,TRUE,FALSE,TRUE,FALSE
836,특설렁탕,TRUE,FALSE,FALSE,TRUE,TRUE,FALSE,TRUE,FALSE
837,우렁쌈장정식,FALSE,FALSE,FALSE,FALSE,FALSE,FALSE,TRUE,FALSE
838,청국장,TRUE,FALSE,FALSE,TRUE,FALSE,FALSE,TRUE,FALSE
839,훈제족발,FALSE,FALSE,FALSE,FALSE,TRUE,FALSE,FALSE,FALSE
840,모모초밥(12피스),FALSE,FALSE,FALSE,FALSE,FALSE,FALSE,TRUE,FALSE
841,"추천
타키쉬 커피(모래커피)",FALSE,FALSE,FALSE,FALSE,FALSE,FALSE,FALSE,FALSE
842,왕족방 (소),FALSE,FALSE,FALSE,FALSE,FALSE,FALSE,FALSE,FALSE
843,갈비탕,FALSE,FALSE,FALSE,TRUE,TRUE,FALSE,FALSE,FALSE
844,콜라겐 무뼈 닭발(소),FALSE,TRUE,FALSE,TRUE,TRUE,FALSE,FALSE,FALSE
845,연어 150g,FALSE,FALSE,FALSE,FALSE,FALSE,FALSE,FALSE,FALSE
846,가브리살 (300g),FALSE,FALSE,FALSE,TRUE,TRUE,FALSE,FALSE,FALSE
847,제육직화,FALSE,FALSE,FALSE,TRUE,TRUE,FALSE,FALSE,FALSE
848,국내산 생 갈매기살,FALSE,FALSE,FALSE,TRUE,TRUE,FALSE,FALSE,FALSE
849,크리스피 치킨,FALSE,FALSE,FALSE,TRUE,TRUE,FALSE,FALSE,FALSE
850,우렁된장쌈밥,FALSE,FALSE,FALSE,FALSE,FALSE,FALSE,TRUE,FALSE
851,온다비어,FALSE,FALSE,FALSE,FALSE,FALSE,FALSE,FALSE,FALSE
852,치킨가라아게,FALSE,FALSE,FALSE,TRUE,TRUE,FALSE,FALSE,FALSE
853,"추천
크렘 시트론",FALSE,FALSE,FALSE,FALSE,FALSE,FALSE,FALSE,FALSE
854,소곱창 (1인분),FALSE,FALSE,FALSE,TRUE,TRUE,FALSE,FALSE,FALSE
855,(New)투움바 파스타 베이컨,FALSE,FALSE,FALSE,TRUE,TRUE,TRUE,FALSE,FALSE
856,1인분 식사세트,FALSE,FALSE,FALSE,FALSE,FALSE,FALSE,FALSE,FALSE
857,감자튀김 (S),FALSE,FALSE,FALSE,TRUE,FALSE,FALSE,FALSE,FALSE
858,사골칼국수,TRUE,FALSE,FALSE,TRUE,FALSE,TRUE,FALSE,FALSE
859,오뎅탕,TRUE,FALSE,FALSE,TRUE,FALSE,FALSE,FALSE,FALSE
860,달리크림 파스타,FALSE,FALSE,TRUE,TRUE,FALSE,TRUE,FALSE,FALSE
861,청년초밥(11p),FALSE,FALSE,FALSE,FALSE,FALSE,FALSE,TRUE,FALSE
862,프리미엄 돈카츠 세트,FALSE,FALSE,FALSE,TRUE,TRUE,FALSE,FALSE,FALSE
863,흑돼지 (180g),FALSE,FALSE,FALSE,TRUE,TRUE,FALSE,FALSE,FALSE
864,"추천
명품도야지항정살묵은지찜",TRUE,TRUE,FALSE,TRUE,TRUE,FALSE,FALSE,FALSE
865,정가스페셜 (3일전 예약),FALSE,FALSE,FALSE,FALSE,FALSE,FALSE,FALSE,FALSE
866,일미 김밥,FALSE,FALSE,FALSE,FALSE,FALSE,FALSE,TRUE,FALSE
867,도토리칼국수,TRUE,FALSE,FALSE,TRUE,FALSE,TRUE,FALSE,FALSE
868,"추천
믹스카츠",FALSE,FALSE,FALSE,TRUE,TRUE,FALSE,FALSE,FALSE
869,파절이 생삼겹살(1인분),FALSE,FALSE,FALSE,TRUE,TRUE,FALSE,FALSE,FALSE
870,한마리반 크리스피치킨,FALSE,FALSE,TRUE,TRUE,TRUE,FALSE,FALSE,FALSE
871,비빔탄탄멘,FALSE,FALSE,FALSE,FALSE,FALSE,FALSE,FALSE,FALSE
872,A스시(10Ps),FALSE,FALSE,FALSE,FALSE,FALSE,FALSE,TRUE,FALSE
873,나홀로set,FALSE,FALSE,FALSE,FALSE,FALSE,FALSE,FALSE,FALSE
874,마제소바,TRUE,FALSE,FALSE,FALSE,FALSE,TRUE,FALSE,FALSE
875,프렌치 감자전,FALSE,FALSE,FALSE,FALSE,FALSE,FALSE,FALSE,FALSE
876,가득오뎅탕,TRUE,FALSE,FALSE,TRUE,FALSE,FALSE,FALSE,FALSE
877,야매이카BBQ,FALSE,FALSE,FALSE,FALSE,FALSE,FALSE,FALSE,FALSE
878,대구뽈찜 (특),FALSE,FALSE,FALSE,FALSE,FALSE,FALSE,FALSE,FALSE
879,정든 김밥,FALSE,FALSE,FALSE,FALSE,FALSE,FALSE,TRUE,FALSE
880,빠레뜨 파스타,FALSE,FALSE,FALSE,TRUE,FALSE,TRUE,FALSE,FALSE
881,당근케이크,FALSE,FALSE,TRUE,FALSE,FALSE,FALSE,FALSE,TRUE
882,족발 (대),FALSE,FALSE,FALSE,FALSE,TRUE,FALSE,FALSE,FALSE
883,A 돼지갈비 스테이크 무한 (1인),FALSE,FALSE,FALSE,TRUE,TRUE,FALSE,FALSE,FALSE
884,주꾸미,FALSE,FALSE,FALSE,FALSE,FALSE,FALSE,FALSE,FALSE
885,볏짚산꼼장어 (1인분),FALSE,FALSE,FALSE,TRUE,FALSE,FALSE,FALSE,FALSE
886,마른안주,FALSE,FALSE,FALSE,FALSE,FALSE,FALSE,FALSE,FALSE
887,화이트레이니,FALSE,FALSE,FALSE,FALSE,FALSE,FALSE,FALSE,FALSE
888,앵그리 버드와 감자,FALSE,FALSE,FALSE,FALSE,FALSE,FALSE,FALSE,FALSE
889,고등어구이 정식,FALSE,FALSE,FALSE,FALSE,FALSE,FALSE,FALSE,FALSE
890,양평해장국,TRUE,TRUE,FALSE,TRUE,TRUE,FALSE,TRUE,FALSE
891,김치찌개 (1인분),TRUE,TRUE,FALSE,TRUE,FALSE,FALSE,TRUE,FALSE
892,살치살(100g),FALSE,FALSE,FALSE,TRUE,TRUE,FALSE,FALSE,FALSE
893,돈코츠라면,TRUE,TRUE,FALSE,TRUE,FALSE,TRUE,FALSE,FALSE
894,카보다로카 비뉴 배르드,FALSE,FALSE,FALSE,FALSE,FALSE,FALSE,FALSE,FALSE
895,치킨(반마리),FALSE,FALSE,FALSE,TRUE,TRUE,FALSE,FALSE,FALSE
896,"추천
나폴리 슈림프 피자",FALSE,FALSE,FALSE,TRUE,FALSE,FALSE,FALSE,TRUE
897,수제비,TRUE,FALSE,FALSE,TRUE,FALSE,TRUE,FALSE,FALSE
898,"추천
통마늘 차돌 알리오 올리오",FALSE,TRUE,FALSE,TRUE,TRUE,FALSE,FALSE,FALSE
899,케이준 치킨 크림파스타,FALSE,FALSE,TRUE,TRUE,TRUE,TRUE,FALSE,FALSE
900,한우곱창 (200g),FALSE,FALSE,FALSE,TRUE,TRUE,FALSE,FALSE,FALSE
901,살몬그라브릭스,FALSE,FALSE,FALSE,FALSE,FALSE,FALSE,FALSE,FALSE
902,광어초밥(12p),FALSE,FALSE,FALSE,TRUE,TRUE,FALSE,TRUE,FALSE
903,포모도로,FALSE,FALSE,FALSE,FALSE,FALSE,FALSE,FALSE,FALSE
904,무한리필(14세 이상),FALSE,FALSE,FALSE,FALSE,FALSE,FALSE,FALSE,FALSE
905,소고기 (100g),FALSE,FALSE,FALSE,TRUE,TRUE,FALSE,FALSE,FALSE
906,그대와 함께 라면,TRUE,TRUE,FALSE,TRUE,FALSE,TRUE,FALSE,FALSE
907,닭다리살,FALSE,FALSE,FALSE,TRUE,TRUE,FALSE,FALSE,FALSE
908,볼 샐러드,FALSE,FALSE,FALSE,FALSE,FALSE,FALSE,FALSE,FALSE
909,숙성회 정식,FALSE,FALSE,FALSE,FALSE,FALSE,FALSE,FALSE,FALSE
910,도가니탕,FALSE,FALSE,FALSE,TRUE,TRUE,FALSE,FALSE,FALSE
911,수제 돈까스 카레,TRUE,FALSE,FALSE,TRUE,TRUE,FALSE,FALSE,FALSE
912,돼지갈비김치찌개,TRUE,TRUE,FALSE,TRUE,TRUE,FALSE,TRUE,FALSE
913,레드떡볶이,TRUE,TRUE,TRUE,TRUE,FALSE,FALSE,FALSE,FALSE
914,즉석떡볶이(2인),TRUE,TRUE,TRUE,TRUE,FALSE,FALSE,FALSE,FALSE
915,까르보나라,FALSE,FALSE,TRUE,FALSE,FALSE,FALSE,FALSE,FALSE
916,카페 아메리카노,FALSE,FALSE,FALSE,FALSE,FALSE,FALSE,FALSE,FALSE
917,곱창볶음,FALSE,FALSE,FALSE,TRUE,TRUE,FALSE,FALSE,FALSE
918,생연어 사시미,FALSE,FALSE,FALSE,FALSE,TRUE,FALSE,FALSE,FALSE
919,차돌박이 김치떡볶이,TRUE,TRUE,TRUE,TRUE,TRUE,FALSE,FALSE,FALSE
920,오리지널 함박스테이크,FALSE,FALSE,FALSE,TRUE,TRUE,FALSE,FALSE,FALSE
921,미니족,FALSE,FALSE,FALSE,FALSE,TRUE,FALSE,FALSE,FALSE
922,통통 삼겹 (150g),FALSE,FALSE,FALSE,TRUE,TRUE,FALSE,FALSE,FALSE
923,한우곱창한판(2인분),FALSE,FALSE,FALSE,TRUE,TRUE,FALSE,FALSE,FALSE
924,고기만두(5개),FALSE,FALSE,FALSE,TRUE,TRUE,FALSE,FALSE,FALSE
925,"추천
오로히",FALSE,FALSE,FALSE,FALSE,FALSE,FALSE,FALSE,FALSE
926,전가복,FALSE,FALSE,FALSE,FALSE,FALSE,FALSE,FALSE,FALSE
927,차돌박이 (150g),FALSE,FALSE,FALSE,TRUE,TRUE,FALSE,FALSE,FALSE
928,감자 튀김,FALSE,FALSE,FALSE,TRUE,FALSE,FALSE,FALSE,FALSE
929,안심 (100g),FALSE,FALSE,FALSE,TRUE,TRUE,FALSE,FALSE,FALSE
930,예즈지,FALSE,FALSE,FALSE,FALSE,FALSE,FALSE,FALSE,FALSE
931,녹두삼계탕,TRUE,FALSE,FALSE,TRUE,TRUE,FALSE,FALSE,FALSE
932,광어 우럭 세꼬시 연어 해물 물회,TRUE,FALSE,FALSE,TRUE,TRUE,FALSE,FALSE,FALSE
933,우거지감자탕 (2인),TRUE,TRUE,FALSE,TRUE,TRUE,FALSE,FALSE,FALSE
934,달빛반반치킨,FALSE,FALSE,FALSE,TRUE,TRUE,FALSE,FALSE,FALSE
935,국물닭발,TRUE,TRUE,FALSE,TRUE,TRUE,FALSE,FALSE,FALSE
936,프레시버거,FALSE,FALSE,FALSE,FALSE,TRUE,FALSE,FALSE,TRUE
937,타코야끼 8알,FALSE,FALSE,FALSE,FALSE,TRUE,FALSE,FALSE,TRUE
938,불고기낙지죽,FALSE,FALSE,FALSE,TRUE,TRUE,FALSE,FALSE,FALSE
939,소스삼겹살(2인~),FALSE,FALSE,FALSE,TRUE,TRUE,FALSE,FALSE,FALSE
940,응set,FALSE,FALSE,FALSE,FALSE,FALSE,FALSE,FALSE,FALSE
941,하루 (옛날돈가스),FALSE,FALSE,FALSE,TRUE,TRUE,FALSE,FALSE,FALSE
942,메기 매운탕(소),TRUE,TRUE,FALSE,TRUE,FALSE,FALSE,FALSE,FALSE
943,돼지오징어타마,FALSE,FALSE,FALSE,TRUE,TRUE,FALSE,FALSE,FALSE
944,피자M+사이드 메뉴,FALSE,FALSE,FALSE,TRUE,FALSE,FALSE,FALSE,TRUE
945,백채찌개(돼지or부대)1인분,TRUE,TRUE,FALSE,TRUE,TRUE,FALSE,TRUE,FALSE
946,2시간,FALSE,FALSE,FALSE,FALSE,FALSE,FALSE,FALSE,FALSE
947,찹쌀경성꽈배기(3개),FALSE,FALSE,FALSE,FALSE,FALSE,FALSE,FALSE,TRUE
948,포첸 양지쌀국수,TRUE,FALSE,FALSE,TRUE,FALSE,TRUE,FALSE,FALSE
949,오리지널치킨,FALSE,FALSE,FALSE,TRUE,TRUE,FALSE,FALSE,FALSE
950,생감자튀김,FALSE,FALSE,FALSE,TRUE,FALSE,FALSE,FALSE,FALSE
951,"추천
족발(국내산)",FALSE,FALSE,FALSE,FALSE,TRUE,FALSE,FALSE,FALSE
952,낙곱새,TRUE,TRUE,FALSE,TRUE,TRUE,FALSE,FALSE,FALSE
953,혼네 규카츠,FALSE,FALSE,FALSE,TRUE,TRUE,FALSE,FALSE,FALSE
954,연어 무한리필,FALSE,FALSE,FALSE,FALSE,FALSE,FALSE,FALSE,FALSE
955,회덮밥,FALSE,FALSE,FALSE,FALSE,FALSE,FALSE,TRUE,FALSE
956,프라임소고기세트,FALSE,FALSE,FALSE,TRUE,TRUE,FALSE,FALSE,FALSE
957,광릉식불고기 도시락,FALSE,FALSE,FALSE,TRUE,TRUE,FALSE,TRUE,FALSE
958,닭도리탕,TRUE,TRUE,FALSE,TRUE,TRUE,FALSE,FALSE,FALSE
959,치즈해물떡볶이,TRUE,TRUE,TRUE,TRUE,FALSE,FALSE,FALSE,FALSE
960,단호박죽,TRUE,FALSE,TRUE,FALSE,FALSE,FALSE,FALSE,FALSE
961,한우소곱창 (1인분),FALSE,FALSE,FALSE,TRUE,TRUE,FALSE,FALSE,FALSE
962,광어초밥(10p),FALSE,FALSE,FALSE,TRUE,TRUE,FALSE,TRUE,FALSE
963,김밥,FALSE,FALSE,FALSE,FALSE,FALSE,FALSE,TRUE,FALSE
964,미미네 생활 떡볶이,TRUE,TRUE,TRUE,TRUE,FALSE,FALSE,FALSE,FALSE
965,갈매기살 (1인분),FALSE,FALSE,FALSE,TRUE,TRUE,FALSE,FALSE,FALSE
966,미트볼토마토파스타,FALSE,FALSE,FALSE,TRUE,TRUE,TRUE,FALSE,FALSE
967,연어사시미,FALSE,FALSE,FALSE,FALSE,TRUE,FALSE,FALSE,FALSE
968,반반감족,FALSE,FALSE,FALSE,FALSE,FALSE,FALSE,FALSE,FALSE
969,한식뷔페,FALSE,FALSE,FALSE,FALSE,FALSE,FALSE,FALSE,FALSE
970,야채 김밥,FALSE,FALSE,FALSE,FALSE,FALSE,FALSE,TRUE,FALSE
971,추어탕,TRUE,TRUE,FALSE,TRUE,FALSE,FALSE,FALSE,FALSE
972,백반,FALSE,FALSE,FALSE,FALSE,FALSE,FALSE,TRUE,FALSE
973,숭어,FALSE,FALSE,FALSE,FALSE,FALSE,FALSE,FALSE,FALSE
974,블랙 러시안,FALSE,FALSE,FALSE,FALSE,FALSE,FALSE,FALSE,FALSE
975,생연어샐러드,FALSE,FALSE,FALSE,FALSE,FALSE,FALSE,FALSE,FALSE
976,한방삼계탕,TRUE,FALSE,FALSE,TRUE,TRUE,FALSE,FALSE,FALSE
977,양아들치킨,FALSE,FALSE,FALSE,TRUE,TRUE,FALSE,FALSE,FALSE
978,돼지김치구이 (대),FALSE,TRUE,FALSE,TRUE,TRUE,FALSE,FALSE,FALSE
979,타이페이 누들킹,FALSE,FALSE,FALSE,FALSE,FALSE,FALSE,FALSE,FALSE
980,어른(1인분),FALSE,FALSE,FALSE,FALSE,FALSE,FALSE,FALSE,FALSE
981,먹태,FALSE,FALSE,FALSE,FALSE,FALSE,FALSE,FALSE,FALSE
982,전복삼계탕,TRUE,FALSE,FALSE,TRUE,TRUE,FALSE,FALSE,FALSE
983,탐포탕,FALSE,FALSE,FALSE,FALSE,FALSE,FALSE,FALSE,FALSE
984,오징어 땅콩,FALSE,FALSE,FALSE,FALSE,FALSE,FALSE,FALSE,FALSE
985,돌솥추어탕,TRUE,TRUE,FALSE,TRUE,FALSE,FALSE,FALSE,FALSE
986,잔치국수,TRUE,FALSE,FALSE,TRUE,FALSE,TRUE,FALSE,FALSE
987,삼겹살,FALSE,FALSE,FALSE,TRUE,TRUE,FALSE,FALSE,FALSE
988,브라운슈가 치즈폼 스무디(L),FALSE,FALSE,TRUE,FALSE,FALSE,FALSE,FALSE,FALSE
989,돼지국밥 레드 오리지널,TRUE,FALSE,FALSE,TRUE,TRUE,FALSE,TRUE,FALSE
990,생우럭탕(1인),TRUE,FALSE,FALSE,FALSE,FALSE,FALSE,FALSE,FALSE
991,"추천
골목한상",FALSE,FALSE,FALSE,FALSE,FALSE,FALSE,FALSE,FALSE
992,기꾸초밥(12pcs),FALSE,FALSE,FALSE,FALSE,FALSE,FALSE,TRUE,FALSE
993,명란로제 파스타,FALSE,FALSE,TRUE,TRUE,FALSE,TRUE,FALSE,FALSE
994,모둠조개구이 (2인),FALSE,FALSE,FALSE,FALSE,FALSE,FALSE,FALSE,FALSE
995,벌떡볶이,TRUE,TRUE,TRUE,TRUE,FALSE,FALSE,FALSE,FALSE
996,부추생삼겁살(국내산),FALSE,FALSE,FALSE,FALSE,FALSE,FALSE,FALSE,FALSE
997,짜면밥,FALSE,FALSE,FALSE,FALSE,FALSE,TRUE,TRUE,FALSE
998,크리스피 텐더와 감자,FALSE,FALSE,FALSE,TRUE,TRUE,FALSE,FALSE,FALSE
999,복지리탕 (1인),FALSE,FALSE,FALSE,FALSE,FALSE,FALSE,FALSE,FALSE
1000,본김밥,FALSE,FALSE,FALSE,FALSE,FALSE,FALSE,TRUE,FALSE
1001,뼈없는 찜닭 (소),TRUE,FALSE,FALSE,TRUE,TRUE,FALSE,FALSE,FALSE
1002,야끼소바,TRUE,FALSE,FALSE,FALSE,FALSE,TRUE,FALSE,FALSE
1003,모쯔나베,TRUE,FALSE,FALSE,TRUE,FALSE,FALSE,FALSE,FALSE
1004,기꾸초밥,FALSE,FALSE,FALSE,FALSE,FALSE,FALSE,TRUE,FALSE
1005,소 생갈비살 (180g),FALSE,FALSE,FALSE,TRUE,TRUE,FALSE,FALSE,FALSE
1006,가마도로,FALSE,FALSE,FALSE,FALSE,FALSE,FALSE,FALSE,FALSE
1007,모듬구이,FALSE,FALSE,FALSE,TRUE,TRUE,FALSE,FALSE,FALSE
1008,소곱창 (200g),FALSE,FALSE,FALSE,TRUE,TRUE,FALSE,FALSE,FALSE
1009,꼬마만두,FALSE,FALSE,FALSE,TRUE,FALSE,FALSE,FALSE,FALSE
1010,콜라,FALSE,FALSE,FALSE,FALSE,FALSE,FALSE,FALSE,FALSE
1011,돈파스,FALSE,FALSE,FALSE,FALSE,FALSE,FALSE,FALSE,FALSE
1012,왕재곱창 (2인분),FALSE,FALSE,FALSE,TRUE,TRUE,FALSE,FALSE,FALSE
1013,또르띠야 데 빠따따,FALSE,FALSE,FALSE,FALSE,FALSE,FALSE,FALSE,FALSE
1014,대구뽈조림(소),TRUE,TRUE,FALSE,TRUE,FALSE,FALSE,FALSE,FALSE
1015,어메이징 크리스피 후라이드 치킨,FALSE,FALSE,FALSE,TRUE,TRUE,FALSE,FALSE,FALSE
1016,칼국수,TRUE,FALSE,FALSE,TRUE,FALSE,TRUE,FALSE,FALSE
1017,멸치국수,TRUE,FALSE,FALSE,TRUE,FALSE,TRUE,FALSE,FALSE
1018,소고기쌀국수,TRUE,FALSE,FALSE,TRUE,TRUE,TRUE,FALSE,FALSE
1019,청국장과 보리밥,TRUE,FALSE,FALSE,TRUE,FALSE,FALSE,TRUE,FALSE
1020,광어(완도산),FALSE,FALSE,FALSE,TRUE,TRUE,FALSE,FALSE,FALSE
1021,해물찜,FALSE,FALSE,FALSE,FALSE,FALSE,FALSE,FALSE,FALSE
1022,까페라떼,FALSE,FALSE,TRUE,FALSE,FALSE,FALSE,FALSE,FALSE
1023,한우특수부위(150g),FALSE,FALSE,FALSE,TRUE,TRUE,FALSE,FALSE,FALSE
1024,"추천
[일품] 돼지김치찌개",TRUE,TRUE,FALSE,TRUE,TRUE,FALSE,TRUE,FALSE
1025,낙곱전골(소),TRUE,TRUE,FALSE,TRUE,TRUE,FALSE,FALSE,FALSE
1026,"추천
3인반반",FALSE,FALSE,FALSE,FALSE,FALSE,FALSE,FALSE,FALSE
1027,쩡떡볶이,TRUE,TRUE,TRUE,TRUE,FALSE,FALSE,FALSE,FALSE
1028,차돌박이 대표한상,FALSE,FALSE,FALSE,TRUE,TRUE,FALSE,FALSE,FALSE
1029,감자전,FALSE,FALSE,FALSE,FALSE,FALSE,FALSE,FALSE,FALSE
1030,스노우 치즈 돈가스,FALSE,FALSE,FALSE,TRUE,TRUE,FALSE,FALSE,FALSE
1031,간비국수,TRUE,FALSE,FALSE,TRUE,FALSE,TRUE,FALSE,FALSE
1032,김치찌개,TRUE,TRUE,FALSE,TRUE,FALSE,FALSE,TRUE,FALSE
1033,천사(기본)김밥,FALSE,FALSE,FALSE,FALSE,FALSE,FALSE,TRUE,FALSE
1034,해장라면,TRUE,TRUE,FALSE,TRUE,FALSE,TRUE,FALSE,FALSE
1035,생삽겹(180g),FALSE,FALSE,FALSE,FALSE,FALSE,FALSE,FALSE,FALSE
1036,비빔밥,FALSE,FALSE,FALSE,FALSE,FALSE,FALSE,TRUE,FALSE
1037,비빔국수,TRUE,FALSE,FALSE,TRUE,FALSE,TRUE,FALSE,FALSE
1038,봉골레 파스타,FALSE,FALSE,FALSE,TRUE,FALSE,TRUE,FALSE,FALSE
1039,소곱창(180g),FALSE,FALSE,FALSE,TRUE,TRUE,FALSE,FALSE,FALSE
1040,통뼈불닭발세트,FALSE,TRUE,FALSE,TRUE,TRUE,FALSE,FALSE,FALSE
1041,데미 토마호크 커틀렛,FALSE,FALSE,FALSE,TRUE,TRUE,FALSE,FALSE,FALSE
1042,낙지정식(1인),FALSE,FALSE,FALSE,FALSE,FALSE,FALSE,FALSE,FALSE
1043,트윈 세트,FALSE,FALSE,FALSE,FALSE,FALSE,FALSE,FALSE,FALSE
1044,과일안주,FALSE,FALSE,TRUE,FALSE,FALSE,FALSE,FALSE,FALSE
1045,차돌순두부(1인),FALSE,FALSE,FALSE,TRUE,TRUE,FALSE,FALSE,FALSE
1046,마늘알마니+단짠감자치즈볼+콜라1.25,FALSE,TRUE,TRUE,TRUE,FALSE,FALSE,FALSE,FALSE
1047,어멍한판(500g),FALSE,FALSE,FALSE,FALSE,FALSE,FALSE,FALSE,FALSE
1048,치킨 오버 라이스,FALSE,FALSE,FALSE,TRUE,TRUE,FALSE,TRUE,FALSE
1049,수제돈까스,FALSE,FALSE,FALSE,TRUE,TRUE,FALSE,FALSE,FALSE
1050,꼬막비빔밥,FALSE,FALSE,FALSE,FALSE,FALSE,FALSE,TRUE,FALSE
1051,무모한 메가초밥세트A(32P),FALSE,FALSE,FALSE,FALSE,FALSE,FALSE,TRUE,FALSE
1052,영미김밥,FALSE,FALSE,FALSE,FALSE,FALSE,FALSE,TRUE,FALSE
1053,혼술기본,FALSE,FALSE,FALSE,FALSE,FALSE,FALSE,FALSE,FALSE
1054,주먹목살(200g),FALSE,FALSE,FALSE,TRUE,TRUE,FALSE,FALSE,FALSE
1055,봉스쭈꾸미 (1인분) (저녁메뉴),FALSE,FALSE,FALSE,FALSE,FALSE,FALSE,FALSE,FALSE
1056,리춘세트,FALSE,FALSE,FALSE,FALSE,FALSE,FALSE,FALSE,FALSE
1057,차돌숙주라멘,TRUE,TRUE,FALSE,TRUE,TRUE,TRUE,FALSE,FALSE
1058,샤브(1인),TRUE,FALSE,FALSE,TRUE,TRUE,FALSE,FALSE,FALSE
1059,큐브 파운드 5종,FALSE,FALSE,FALSE,FALSE,FALSE,FALSE,FALSE,FALSE
1060,족발 (중),FALSE,FALSE,FALSE,FALSE,TRUE,FALSE,FALSE,FALSE
1061,네코스시,FALSE,FALSE,FALSE,FALSE,FALSE,FALSE,TRUE,FALSE
1062,그릴치킨스테끼,FALSE,FALSE,FALSE,TRUE,TRUE,FALSE,FALSE,FALSE
1063,해물손칼국수,TRUE,FALSE,FALSE,TRUE,FALSE,TRUE,FALSE,FALSE
1064,오리장작바베큐,FALSE,FALSE,FALSE,TRUE,TRUE,FALSE,FALSE,FALSE
1065,보리밥,FALSE,FALSE,FALSE,FALSE,FALSE,FALSE,TRUE,FALSE
1066,통큰갈비찜 (1인),FALSE,FALSE,FALSE,TRUE,TRUE,FALSE,FALSE,FALSE
1067,우육도삭면,TRUE,FALSE,FALSE,TRUE,TRUE,FALSE,FALSE,FALSE
1068,동태전,FALSE,FALSE,FALSE,FALSE,FALSE,FALSE,FALSE,FALSE
1069,국물치즈떡닭세트(순살/뼈한마리),TRUE,FALSE,FALSE,TRUE,TRUE,FALSE,FALSE,FALSE
1070,모듬곱창(200g),FALSE,FALSE,FALSE,TRUE,TRUE,FALSE,FALSE,FALSE
1071,쌀국수 (돼지),TRUE,FALSE,FALSE,TRUE,TRUE,TRUE,FALSE,FALSE
1072,돼지갈비찜,FALSE,FALSE,FALSE,TRUE,TRUE,FALSE,FALSE,FALSE
1073,부대찌개,TRUE,TRUE,FALSE,TRUE,FALSE,FALSE,TRUE,FALSE
